Name,Permission
BAND_21.0.2,android.permission.READ_CONTACTS
BAND_21.0.2,android.permission.WRITE_CONTACTS
BAND_21.0.2,android.permission.ACCESS_COARSE_LOCATION
BAND_21.0.2,android.permission.ACCESS_FINE_LOCATION
BAND_21.0.2,android.permission.ACCESS_BACKGROUND_LOCATION
BAND_21.0.2,android.permission.FOREGROUND_SERVICE_LOCATION
BAND_21.0.2,com.android.vending.BILLING
BAND_21.0.2,com.google.android.gms.permission.AD_ID
BAND_21.0.2,android.permission.ACCESS_NETWORK_STATE
BAND_21.0.2,android.permission.ACCESS_WIFI_STATE
BAND_21.0.2,android.permission.INTERNET
BAND_21.0.2,android.permission.KILL_BACKGROUND_PROCESSES
BAND_21.0.2,android.permission.WAKE_LOCK
BAND_21.0.2,android.permission.RECEIVE_BOOT_COMPLETED
BAND_21.0.2,android.permission.RECORD_AUDIO
BAND_21.0.2,android.permission.VIBRATE
BAND_21.0.2,android.permission.WRITE_EXTERNAL_STORAGE
BAND_21.0.2,android.permission.READ_EXTERNAL_STORAGE
BAND_21.0.2,android.permission.READ_MEDIA_IMAGES
BAND_21.0.2,android.permission.READ_MEDIA_VIDEO
BAND_21.0.2,android.permission.READ_MEDIA_AUDIO
BAND_21.0.2,android.permission.READ_MEDIA_VISUAL_USER_SELECTED
BAND_21.0.2,com.android.launcher.permission.INSTALL_SHORTCUT
BAND_21.0.2,android.permission.BLUETOOTH_CONNECT
BAND_21.0.2,android.permission.MODIFY_AUDIO_SETTINGS
BAND_21.0.2,android.permission.FOREGROUND_SERVICE
BAND_21.0.2,android.permission.POST_NOTIFICATIONS
BAND_21.0.2,android.permission.READ_PHONE_STATE
BAND_21.0.2,android.permission.SYSTEM_ALERT_WINDOW
BAND_21.0.2,android.permission.USE_FULL_SCREEN_INTENT
BAND_21.0.2,android.permission.FOREGROUND_SERVICE_MEDIA_PLAYBACK
BAND_21.0.2,android.permission.FOREGROUND_SERVICE_PHONE_CALL
BAND_21.0.2,android.permission.FOREGROUND_SERVICE_MICROPHONE
BAND_21.0.2,android.permission.FOREGROUND_SERVICE_CAMERA
BAND_21.0.2,android.permission.MANAGE_OWN_CALLS
BAND_21.0.2,android.permission.FOREGROUND_SERVICE_DATA_SYNC
BAND_21.0.2,com.google.android.c2dm.permission.RECEIVE
BAND_21.0.2,android.permission.ACCESS_ADSERVICES_AD_ID
BAND_21.0.2,android.permission.ACCESS_ADSERVICES_ATTRIBUTION
BAND_21.0.2,android.permission.ACCESS_ADSERVICES_TOPICS
BAND_21.0.2,android.permission.CAMERA
BAND_21.0.2,com.google.android.finsky.permission.BIND_GET_INSTALL_REFERRER_SERVICE
BAND_21.0.2,android.permission.BLUETOOTH
BAND_21.0.2,com.nhn.android.band.DYNAMIC_RECEIVER_NOT_EXPORTED_PERMISSION
BAND_21.0.2,com.sec.android.provider.badge.permission.READ
BAND_21.0.2,com.sec.android.provider.badge.permission.WRITE
BAND_21.0.2,com.htc.launcher.permission.READ_SETTINGS
BAND_21.0.2,com.htc.launcher.permission.UPDATE_SHORTCUT
BAND_21.0.2,com.sonyericsson.home.permission.BROADCAST_BADGE
BAND_21.0.2,com.sonymobile.home.permission.PROVIDER_INSERT_BADGE
BAND_21.0.2,com.anddoes.launcher.permission.UPDATE_COUNT
BAND_21.0.2,com.majeur.launcher.permission.UPDATE_BADGE
BAND_21.0.2,com.huawei.android.launcher.permission.CHANGE_BADGE
BAND_21.0.2,com.huawei.android.launcher.permission.READ_SETTINGS
BAND_21.0.2,com.huawei.android.launcher.permission.WRITE_SETTINGS
BAND_21.0.2,android.permission.READ_APP_BADGE
BAND_21.0.2,com.oppo.launcher.permission.READ_SETTINGS
BAND_21.0.2,com.oppo.launcher.permission.WRITE_SETTINGS
BAND_21.0.2,me.everything.badger.permission.BADGE_COUNT_READ
BAND_21.0.2,me.everything.badger.permission.BADGE_COUNT_WRITE
bigo-live_6.27.2,android.permission.WAKE_LOCK
bigo-live_6.27.2,android.permission.READ_SYNC_STATS
bigo-live_6.27.2,com.android.launcher.permission.INSTALL_SHORTCUT
bigo-live_6.27.2,android.permission.RECEIVE_BOOT_COMPLETED
bigo-live_6.27.2,android.permission.INSTALL_PACKAGES
bigo-live_6.27.2,android.permission.CHANGE_WIFI_MULTICAST_STATE
bigo-live_6.27.2,android.permission.ACCESS_WIFI_STATE
bigo-live_6.27.2,android.permission.READ_SYNC_SETTINGS
bigo-live_6.27.2,android.permission.WRITE_SYNC_SETTINGS
bigo-live_6.27.2,android.permission.AUTHENTICATE_ACCOUNTS
bigo-live_6.27.2,android.permission.GET_ACCOUNTS
bigo-live_6.27.2,android.permission.MANAGE_ACCOUNTS
bigo-live_6.27.2,android.permission.INTERNET
bigo-live_6.27.2,android.permission.USE_CREDENTIALS
bigo-live_6.27.2,android.permission.READ_EXTERNAL_STORAGE
bigo-live_6.27.2,android.permission.WRITE_EXTERNAL_STORAGE
bigo-live_6.27.2,android.permission.CAMERA
bigo-live_6.27.2,android.permission.QUERY_ALL_PACKAGES
bigo-live_6.27.2,android.permission.REQUEST_INSTALL_PACKAGES
bigo-live_6.27.2,android.permission.REQUEST_DELETE_PACKAGES
bigo-live_6.27.2,android.permission.FOREGROUND_SERVICE
bigo-live_6.27.2,android.permission.ACCESS_NETWORK_STATE
bigo-live_6.27.2,com.google.android.finsky.permission.BIND_GET_INSTALL_REFERRER_SERVICE
Bluesky_1.98.0,android.permission.CAMERA
Bluesky_1.98.0,android.permission.INTERNET
Bluesky_1.98.0,android.permission.READ_EXTERNAL_STORAGE
Bluesky_1.98.0,android.permission.RECORD_AUDIO
Bluesky_1.98.0,android.permission.SYSTEM_ALERT_WINDOW
Bluesky_1.98.0,android.permission.VIBRATE
Bluesky_1.98.0,android.permission.WRITE_EXTERNAL_STORAGE
Bluesky_1.98.0,android.permission.ACCESS_NETWORK_STATE
Bluesky_1.98.0,com.android.vending.CHECK_LICENSE
Bluesky_1.98.0,android.permission.WAKE_LOCK
Bluesky_1.98.0,android.permission.ACCESS_WIFI_STATE
Bluesky_1.98.0,android.permission.FOREGROUND_SERVICE
Bluesky_1.98.0,android.permission.FOREGROUND_SERVICE_MEDIA_PLAYBACK
Bluesky_1.98.0,android.permission.RECEIVE_BOOT_COMPLETED
Bluesky_1.98.0,android.permission.POST_NOTIFICATIONS
Bluesky_1.98.0,android.permission.READ_MEDIA_IMAGES
Bluesky_1.98.0,android.permission.READ_MEDIA_VIDEO
Bluesky_1.98.0,android.permission.READ_MEDIA_AUDIO
Bluesky_1.98.0,android.permission.READ_MEDIA_VISUAL_USER_SELECTED
Bluesky_1.98.0,android.permission.READ_PHONE_STATE
Bluesky_1.98.0,com.google.android.c2dm.permission.RECEIVE
Bluesky_1.98.0,xyz.blueskyweb.app.DYNAMIC_RECEIVER_NOT_EXPORTED_PERMISSION
Bluesky_1.98.0,com.google.android.finsky.permission.BIND_GET_INSTALL_REFERRER_SERVICE
Bluesky_1.98.0,com.sec.android.provider.badge.permission.READ
Bluesky_1.98.0,com.sec.android.provider.badge.permission.WRITE
Bluesky_1.98.0,com.htc.launcher.permission.READ_SETTINGS
Bluesky_1.98.0,com.htc.launcher.permission.UPDATE_SHORTCUT
Bluesky_1.98.0,com.sonyericsson.home.permission.BROADCAST_BADGE
Bluesky_1.98.0,com.sonymobile.home.permission.PROVIDER_INSERT_BADGE
Bluesky_1.98.0,com.anddoes.launcher.permission.UPDATE_COUNT
Bluesky_1.98.0,com.majeur.launcher.permission.UPDATE_BADGE
Bluesky_1.98.0,com.huawei.android.launcher.permission.CHANGE_BADGE
Bluesky_1.98.0,com.huawei.android.launcher.permission.READ_SETTINGS
Bluesky_1.98.0,com.huawei.android.launcher.permission.WRITE_SETTINGS
Bluesky_1.98.0,android.permission.READ_APP_BADGE
Bluesky_1.98.0,com.oppo.launcher.permission.READ_SETTINGS
Bluesky_1.98.0,com.oppo.launcher.permission.WRITE_SETTINGS
Bluesky_1.98.0,me.everything.badger.permission.BADGE_COUNT_READ
Bluesky_1.98.0,me.everything.badger.permission.BADGE_COUNT_WRITE
BuzzCast_3.1.95,android.permission.ACCESS_COARSE_LOCATION
BuzzCast_3.1.95,android.permission.ACCESS_FINE_LOCATION
BuzzCast_3.1.95,android.permission.ACCESS_NETWORK_STATE
BuzzCast_3.1.95,android.permission.ACCESS_NOTIFICATION_POLICY
BuzzCast_3.1.95,android.permission.ACCESS_WIFI_STATE
BuzzCast_3.1.95,android.permission.CHANGE_NETWORK_STATE
BuzzCast_3.1.95,android.permission.CHANGE_WIFI_STATE
BuzzCast_3.1.95,android.permission.INTERNET
BuzzCast_3.1.95,android.permission.MODIFY_AUDIO_SETTINGS
BuzzCast_3.1.95,android.permission.RECEIVE_BOOT_COMPLETED
BuzzCast_3.1.95,android.permission.REORDER_TASKS
BuzzCast_3.1.95,android.permission.SCHEDULE_EXACT_ALARM
BuzzCast_3.1.95,android.permission.VIBRATE
BuzzCast_3.1.95,android.permission.WAKE_LOCK
BuzzCast_3.1.95,android.permission.SYSTEM_ALERT_WINDOW
BuzzCast_3.1.95,android.permission.RECEIVE_USER_PRESENT
BuzzCast_3.1.95,com.android.vending.BILLING
BuzzCast_3.1.95,android.permission.CAMERA
BuzzCast_3.1.95,android.permission.FLASHLIGHT
BuzzCast_3.1.95,android.permission.RECORD_AUDIO
BuzzCast_3.1.95,android.permission.WRITE_EXTERNAL_STORAGE
BuzzCast_3.1.95,android.permission.READ_EXTERNAL_STORAGE
BuzzCast_3.1.95,android.permission.READ_MEDIA_IMAGES
BuzzCast_3.1.95,android.permission.READ_MEDIA_VIDEO
BuzzCast_3.1.95,android.permission.READ_MEDIA_AUDIO
BuzzCast_3.1.95,android.permission.READ_MEDIA_VISUAL_USER_SELECTED
BuzzCast_3.1.95,android.permission.READ_PHONE_STATE
BuzzCast_3.1.95,com.huawei.android.launcher.permission.CHANGE_BADGE
BuzzCast_3.1.95,com.sec.android.provider.badge.permission.READ
BuzzCast_3.1.95,com.sec.android.provider.badge.permission.WRITE
BuzzCast_3.1.95,android.permission.READ_CONTACTS
BuzzCast_3.1.95,android.permission.FOREGROUND_SERVICE
BuzzCast_3.1.95,android.permission.BLUETOOTH
BuzzCast_3.1.95,android.permission.POST_NOTIFICATIONS
BuzzCast_3.1.95,com.google.android.gms.permission.AD_ID
BuzzCast_3.1.95,android.permission.BLUETOOTH_SCAN
BuzzCast_3.1.95,android.permission.BLUETOOTH_ADVERTISE
BuzzCast_3.1.95,android.permission.BLUETOOTH_CONNECT
BuzzCast_3.1.95,android.permission.FOREGROUND_SERVICE_MICROPHONE
BuzzCast_3.1.95,android.permission.FOREGROUND_SERVICE_CAMERA
BuzzCast_3.1.95,android.permission.FOREGROUND_SERVICE_MEDIA_PLAYBACK
BuzzCast_3.1.95,android.permission.FOREGROUND_SERVICE
BuzzCast_3.1.95,android.permission.FOREGROUND_SERVICE_MEDIA_PROJECTION
BuzzCast_3.1.95,com.google.android.c2dm.permission.RECEIVE
BuzzCast_3.1.95,com.google.android.finsky.permission.BIND_GET_INSTALL_REFERRER_SERVICE
BuzzCast_3.1.95,com.guochao.faceshow.DYNAMIC_RECEIVER_NOT_EXPORTED_PERMISSION
BuzzCast_3.1.95,android.permission.ACCESS_ADSERVICES_ATTRIBUTION
BuzzCast_3.1.95,com.huawei.appmarket.service.commondata.permission.GET_COMMON_DATA
BuzzCast_3.1.95,com.guochao.faceshow.permission.PROCESS_PUSH_MSG
BuzzCast_3.1.95,com.guochao.faceshow.permission.PUSH_PROVIDER
BuzzCast_3.1.95,com.htc.launcher.permission.READ_SETTINGS
BuzzCast_3.1.95,com.htc.launcher.permission.UPDATE_SHORTCUT
BuzzCast_3.1.95,com.sonyericsson.home.permission.BROADCAST_BADGE
BuzzCast_3.1.95,com.sonymobile.home.permission.PROVIDER_INSERT_BADGE
BuzzCast_3.1.95,com.anddoes.launcher.permission.UPDATE_COUNT
BuzzCast_3.1.95,com.majeur.launcher.permission.UPDATE_BADGE
BuzzCast_3.1.95,com.huawei.android.launcher.permission.READ_SETTINGS
BuzzCast_3.1.95,com.huawei.android.launcher.permission.WRITE_SETTINGS
BuzzCast_3.1.95,android.permission.READ_APP_BADGE
BuzzCast_3.1.95,com.oppo.launcher.permission.READ_SETTINGS
BuzzCast_3.1.95,com.oppo.launcher.permission.WRITE_SETTINGS
BuzzCast_3.1.95,me.everything.badger.permission.BADGE_COUNT_READ
BuzzCast_3.1.95,me.everything.badger.permission.BADGE_COUNT_WRITE
Clapper_12.4.3,android.permission.INTERNET
Clapper_12.4.3,android.permission.ACCESS_NETWORK_STATE
Clapper_12.4.3,android.permission.ACCESS_WIFI_STATE
Clapper_12.4.3,android.permission.READ_EXTERNAL_STORAGE
Clapper_12.4.3,android.permission.RECORD_AUDIO
Clapper_12.4.3,android.permission.CAMERA
Clapper_12.4.3,android.permission.ACCESS_COARSE_LOCATION
Clapper_12.4.3,android.permission.ACCESS_FINE_LOCATION
Clapper_12.4.3,android.permission.MODIFY_AUDIO_SETTINGS
Clapper_12.4.3,android.permission.BLUETOOTH_CONNECT
Clapper_12.4.3,android.permission.VIBRATE
Clapper_12.4.3,android.permission.READ_MEDIA_IMAGES
Clapper_12.4.3,android.permission.READ_MEDIA_VIDEO
Clapper_12.4.3,android.permission.READ_MEDIA_AUDIO
Clapper_12.4.3,android.permission.READ_MEDIA_VISUAL_USER_SELECTED
Clapper_12.4.3,android.permission.ACCESS_NOTIFICATION_POLICY
Clapper_12.4.3,android.permission.POST_NOTIFICATIONS
Clapper_12.4.3,android.permission.ACCESS_NOTIFICATION_POLICY
Clapper_12.4.3,android.permission.RECEIVE_BOOT_COMPLETED
Clapper_12.4.3,android.permission.WRITE_EXTERNAL_STORAGE
Clapper_12.4.3,com.android.vending.BILLING
Clapper_12.4.3,android.permission.WAKE_LOCK
Clapper_12.4.3,com.google.android.c2dm.permission.RECEIVE
Clapper_12.4.3,com.google.android.gms.permission.AD_ID
Clapper_12.4.3,com.google.android.finsky.permission.BIND_GET_INSTALL_REFERRER_SERVICE
Clapper_12.4.3,com.newsclapper.video.DYNAMIC_RECEIVER_NOT_EXPORTED_PERMISSION
Clapper_12.4.3,android.permission.ACCESS_ADSERVICES_ATTRIBUTION
Clapper_12.4.3,android.permission.BLUETOOTH
Clapper_12.4.3,android.permission.CHANGE_NETWORK_STATE
Clapper_12.4.3,android.permission.READ_CONTACTS
Clapper_12.4.3,android.permission.WRITE_CONTACTS
Clapper_12.4.3,android.permission.USE_FINGERPRINT
Clapper_12.4.3,android.permission.USE_BIOMETRIC
Clapper_12.4.3,com.google.android.providers.gsf.permission.READ_GSERVICES
cPen_1.2.20,android.permission.INTERNET
cPen_1.2.20,android.permission.ACCESS_FINE_LOCATION
cPen_1.2.20,android.permission.ACCESS_COARSE_LOCATION
cPen_1.2.20,com.android.vending.BILLING
cPen_1.2.20,com.google.android.finsky.permission.BIND_GET_INSTALL_REFERRER_SERVICE
cPen_1.2.20,android.permission.WAKE_LOCK
cPen_1.2.20,android.permission.ACCESS_NETWORK_STATE
cPen_1.2.20,android.permission.POST_NOTIFICATIONS
cPen_1.2.20,android.permission.CAMERA
cPen_1.2.20,android.permission.RECORD_AUDIO
cPen_1.2.20,com.google.android.c2dm.permission.RECEIVE
cPen_1.2.20,com.google.android.gms.permission.AD_ID
cPen_1.2.20,android.permission.ACCESS_ADSERVICES_AD_ID
cPen_1.2.20,android.permission.ACCESS_ADSERVICES_ATTRIBUTION
cPen_1.2.20,android.permission.ACCESS_ADSERVICES_TOPICS
cPen_1.2.20,android.permission.FOREGROUND_SERVICE
cPen_1.2.20,io.cpen.mobile.DYNAMIC_RECEIVER_NOT_EXPORTED_PERMISSION
cPen_1.2.20,com.sec.android.provider.badge.permission.READ
cPen_1.2.20,com.sec.android.provider.badge.permission.WRITE
cPen_1.2.20,com.htc.launcher.permission.READ_SETTINGS
cPen_1.2.20,com.htc.launcher.permission.UPDATE_SHORTCUT
cPen_1.2.20,com.sonyericsson.home.permission.BROADCAST_BADGE
cPen_1.2.20,com.sonymobile.home.permission.PROVIDER_INSERT_BADGE
cPen_1.2.20,com.anddoes.launcher.permission.UPDATE_COUNT
cPen_1.2.20,com.majeur.launcher.permission.UPDATE_BADGE
cPen_1.2.20,com.huawei.android.launcher.permission.CHANGE_BADGE
cPen_1.2.20,com.huawei.android.launcher.permission.READ_SETTINGS
cPen_1.2.20,com.huawei.android.launcher.permission.WRITE_SETTINGS
cPen_1.2.20,android.permission.READ_APP_BADGE
cPen_1.2.20,com.oppo.launcher.permission.READ_SETTINGS
cPen_1.2.20,com.oppo.launcher.permission.WRITE_SETTINGS
cPen_1.2.20,me.everything.badger.permission.BADGE_COUNT_READ
cPen_1.2.20,me.everything.badger.permission.BADGE_COUNT_WRITE
Facebook_502.0.0.66.79,android.permission.ACCESS_MEDIA_LOCATION
Facebook_502.0.0.66.79,android.permission.READ_MEDIA_VISUAL_USER_SELECTED
Facebook_502.0.0.66.79,android.permission.READ_MEDIA_VIDEO
Facebook_502.0.0.66.79,android.permission.READ_MEDIA_IMAGES
Facebook_502.0.0.66.79,com.google.android.gms.permission.AD_ID
Facebook_502.0.0.66.79,android.permission.REQUEST_IGNORE_BATTERY_OPTIMIZATIONS
Facebook_502.0.0.66.79,android.permission.ACCESS_COARSE_LOCATION
Facebook_502.0.0.66.79,android.permission.WAKE_LOCK
Facebook_502.0.0.66.79,android.permission.VIBRATE
Facebook_502.0.0.66.79,android.permission.READ_CONTACTS
Facebook_502.0.0.66.79,android.permission.WRITE_CONTACTS
Facebook_502.0.0.66.79,android.permission.GET_ACCOUNTS
Facebook_502.0.0.66.79,android.permission.MANAGE_ACCOUNTS
Facebook_502.0.0.66.79,android.permission.AUTHENTICATE_ACCOUNTS
Facebook_502.0.0.66.79,android.permission.READ_SYNC_SETTINGS
Facebook_502.0.0.66.79,android.permission.WRITE_SYNC_SETTINGS
Facebook_502.0.0.66.79,android.permission.ACCESS_FINE_LOCATION
Facebook_502.0.0.66.79,android.permission.ACCESS_MEDIA_LOCATION
Facebook_502.0.0.66.79,android.permission.ACCESS_NETWORK_STATE
Facebook_502.0.0.66.79,android.permission.ACCESS_WIFI_STATE
Facebook_502.0.0.66.79,android.permission.BROADCAST_STICKY
Facebook_502.0.0.66.79,com.facebook.katana.provider.ACCESS
Facebook_502.0.0.66.79,com.facebook.orca.provider.ACCESS
Facebook_502.0.0.66.79,com.facebook.services.identity.FEO2
Facebook_502.0.0.66.79,com.facebook.mlite.provider.ACCESS
Facebook_502.0.0.66.79,com.facebook.pages.app.provider.ACCESS
Facebook_502.0.0.66.79,com.oculus.twilight.provider.ACCESS
Facebook_502.0.0.66.79,com.facebook.appmanager.UNPROTECTED_API_ACCESS
Facebook_502.0.0.66.79,android.permission.DOWNLOAD_WITHOUT_NOTIFICATION
Facebook_502.0.0.66.79,android.permission.NFC
Facebook_502.0.0.66.79,android.permission.CAMERA
Facebook_502.0.0.66.79,android.permission.POST_NOTIFICATIONS
Facebook_502.0.0.66.79,android.permission.RECORD_AUDIO
Facebook_502.0.0.66.79,android.permission.WRITE_EXTERNAL_STORAGE
Facebook_502.0.0.66.79,com.facebook.permission.prod.FB_APP_COMMUNICATION
Facebook_502.0.0.66.79,android.permission.READ_PHONE_STATE
Facebook_502.0.0.66.79,android.permission.READ_BASIC_PHONE_STATE
Facebook_502.0.0.66.79,android.permission.READ_CALENDAR
Facebook_502.0.0.66.79,android.permission.WRITE_CALENDAR
Facebook_502.0.0.66.79,android.permission.MODIFY_AUDIO_SETTINGS
Facebook_502.0.0.66.79,android.permission.READ_PROFILE
Facebook_502.0.0.66.79,android.permission.CHANGE_NETWORK_STATE
Facebook_502.0.0.66.79,android.permission.CHANGE_WIFI_STATE
Facebook_502.0.0.66.79,android.permission.SYSTEM_ALERT_WINDOW
Facebook_502.0.0.66.79,com.google.android.providers.gsf.permission.READ_GSERVICES
Facebook_502.0.0.66.79,android.permission.RECEIVE_BOOT_COMPLETED
Facebook_502.0.0.66.79,android.permission.GET_TASKS
Facebook_502.0.0.66.79,android.permission.BLUETOOTH_CONNECT
Facebook_502.0.0.66.79,android.permission.BLUETOOTH
Facebook_502.0.0.66.79,android.permission.ACCESS_ADSERVICES_ATTRIBUTION
Facebook_502.0.0.66.79,android.permission.ACCESS_ADSERVICES_AD_ID
Facebook_502.0.0.66.79,android.permission.NFC
Facebook_502.0.0.66.79,android.permission.READ_EXTERNAL_STORAGE
Facebook_502.0.0.66.79,android.permission.FOREGROUND_SERVICE
Facebook_502.0.0.66.79,android.permission.FOREGROUND_SERVICE_PHONE_CALL
Facebook_502.0.0.66.79,android.permission.FOREGROUND_SERVICE_MICROPHONE
Facebook_502.0.0.66.79,com.facebook.katana.permission.CROSS_PROCESS_BROADCAST_MANAGER
Facebook_502.0.0.66.79,com.facebook.receiver.permission.ACCESS
Facebook_502.0.0.66.79,android.permission.USE_FULL_SCREEN_INTENT
Facebook_502.0.0.66.79,android.permission.CAPTURE_VIDEO_OUTPUT
Facebook_502.0.0.66.79,android.permission.FOREGROUND_SERVICE_MEDIA_PROJECTION
Facebook_502.0.0.66.79,android.permission.FOREGROUND_SERVICE_CAMERA
Facebook_502.0.0.66.79,android.permission.REORDER_TASKS
Facebook_502.0.0.66.79,android.permission.INTERNET
Facebook_502.0.0.66.79,android.permission.CREDENTIAL_MANAGER_SET_ALLOWED_PROVIDERS
Facebook_502.0.0.66.79,com.android.launcher.permission.INSTALL_SHORTCUT
Facebook_502.0.0.66.79,com.sec.android.provider.badge.permission.READ
Facebook_502.0.0.66.79,com.sec.android.provider.badge.permission.WRITE
Facebook_502.0.0.66.79,com.htc.launcher.permission.READ_SETTINGS
Facebook_502.0.0.66.79,com.htc.launcher.permission.UPDATE_SHORTCUT
Facebook_502.0.0.66.79,com.sonyericsson.home.permission.BROADCAST_BADGE
Facebook_502.0.0.66.79,com.sonymobile.home.permission.PROVIDER_INSERT_BADGE
Facebook_502.0.0.66.79,android.permission.BATTERY_STATS
Facebook_502.0.0.66.79,com.facebook.katana.permission.RECEIVE_ADM_MESSAGE
Facebook_502.0.0.66.79,com.amazon.device.messaging.permission.RECEIVE
Facebook_502.0.0.66.79,com.facebook.katana.permission.CREATE_SHORTCUT
Facebook_502.0.0.66.79,android.permission.FOREGROUND_SERVICE_CONNECTED_DEVICE
Facebook_502.0.0.66.79,com.facebook.katana.DYNAMIC_RECEIVER_NOT_EXPORTED_PERMISSION
Facebook_502.0.0.66.79,android.permission.FOREGROUND_SERVICE_MEDIA_PLAYBACK
Facebook_502.0.0.66.79,android.permission.FOREGROUND_SERVICE_DATA_SYNC
Facebook_502.0.0.66.79,android.permission.RUN_USER_INITIATED_JOBS
Facebook_502.0.0.66.79,android.permission.USE_BIOMETRIC
Facebook_502.0.0.66.79,android.permission.USE_FINGERPRINT
Facebook_502.0.0.66.79,com.google.android.finsky.permission.BIND_GET_INSTALL_REFERRER_SERVICE
Facebook_502.0.0.66.79,com.nokia.pushnotifications.permission.RECEIVE
Facebook_502.0.0.66.79,com.google.android.c2dm.permission.RECEIVE
Facebook_502.0.0.66.79,com.google.android.gms.permission.AD_ID
Facebook_502.0.0.66.79,com.android.vending.BILLING
Facebook_502.0.0.66.79,android.permission.MANAGE_OWN_CALLS
Facebook_Lite_448.0.0.11.101,android.permission.ACCESS_COARSE_LOCATION
Facebook_Lite_448.0.0.11.101,android.permission.ACCESS_FINE_LOCATION
Facebook_Lite_448.0.0.11.101,android.permission.ACCESS_NETWORK_STATE
Facebook_Lite_448.0.0.11.101,android.permission.ACCESS_WIFI_STATE
Facebook_Lite_448.0.0.11.101,android.permission.BATTERY_STATS
Facebook_Lite_448.0.0.11.101,android.permission.BROADCAST_STICKY
Facebook_Lite_448.0.0.11.101,android.permission.CALL_PHONE
Facebook_Lite_448.0.0.11.101,android.permission.CAMERA
Facebook_Lite_448.0.0.11.101,android.permission.CHANGE_NETWORK_STATE
Facebook_Lite_448.0.0.11.101,android.permission.CHANGE_WIFI_STATE
Facebook_Lite_448.0.0.11.101,android.permission.GET_TASKS
Facebook_Lite_448.0.0.11.101,android.permission.INTERNET
Facebook_Lite_448.0.0.11.101,android.permission.READ_CALENDAR
Facebook_Lite_448.0.0.11.101,android.permission.READ_CONTACTS
Facebook_Lite_448.0.0.11.101,android.permission.GET_ACCOUNTS
Facebook_Lite_448.0.0.11.101,android.permission.AUTHENTICATE_ACCOUNTS
Facebook_Lite_448.0.0.11.101,android.permission.MANAGE_ACCOUNTS
Facebook_Lite_448.0.0.11.101,android.permission.READ_PHONE_STATE
Facebook_Lite_448.0.0.11.101,android.permission.READ_PHONE_NUMBERS
Facebook_Lite_448.0.0.11.101,android.permission.READ_PROFILE
Facebook_Lite_448.0.0.11.101,android.permission.RECEIVE_BOOT_COMPLETED
Facebook_Lite_448.0.0.11.101,android.permission.RECORD_AUDIO
Facebook_Lite_448.0.0.11.101,android.permission.SYSTEM_ALERT_WINDOW
Facebook_Lite_448.0.0.11.101,android.permission.VIBRATE
Facebook_Lite_448.0.0.11.101,android.permission.WAKE_LOCK
Facebook_Lite_448.0.0.11.101,android.permission.WRITE_CALENDAR
Facebook_Lite_448.0.0.11.101,android.permission.WRITE_CONTACTS
Facebook_Lite_448.0.0.11.101,android.permission.WRITE_EXTERNAL_STORAGE
Facebook_Lite_448.0.0.11.101,android.permission.READ_MEDIA_VISUAL_USER_SELECTED
Facebook_Lite_448.0.0.11.101,com.android.launcher.permission.INSTALL_SHORTCUT
Facebook_Lite_448.0.0.11.101,com.android.launcher.permission.UNINSTALL_SHORTCUT
Facebook_Lite_448.0.0.11.101,com.facebook.receiver.permission.ACCESS
Facebook_Lite_448.0.0.11.101,com.facebook.katana.provider.ACCESS
Facebook_Lite_448.0.0.11.101,com.facebook.orca.provider.ACCESS
Facebook_Lite_448.0.0.11.101,com.facebook.mlite.provider.ACCESS
Facebook_Lite_448.0.0.11.101,com.facebook.wakizashi.provider.ACCESS
Facebook_Lite_448.0.0.11.101,com.facebook.permission.prod.FB_APP_COMMUNICATION
Facebook_Lite_448.0.0.11.101,com.sec.android.provider.badge.permission.WRITE
Facebook_Lite_448.0.0.11.101,com.sec.android.provider.badge.permission.READ
Facebook_Lite_448.0.0.11.101,com.htc.launcher.permission.READ_SETTINGS
Facebook_Lite_448.0.0.11.101,com.htc.launcher.permission.UPDATE_SHORTCUT
Facebook_Lite_448.0.0.11.101,com.sonyericsson.home.permission.BROADCAST_BADGE
Facebook_Lite_448.0.0.11.101,com.sonymobile.home.permission.PROVIDER_INSERT_BADGE
Facebook_Lite_448.0.0.11.101,com.huawei.android.launcher.permission.CHANGE_BADGE
Facebook_Lite_448.0.0.11.101,com.huawei.android.launcher.permission.READ_SETTINGS
Facebook_Lite_448.0.0.11.101,com.huawei.android.launcher.permission.WRITE_SETTINGS
Facebook_Lite_448.0.0.11.101,com.oppo.launcher.permission.READ_SETTINGS
Facebook_Lite_448.0.0.11.101,com.oppo.launcher.permission.WRITE_SETTINGS
Facebook_Lite_448.0.0.11.101,android.permission.REORDER_TASKS
Facebook_Lite_448.0.0.11.101,android.permission.USE_FULL_SCREEN_INTENT
Facebook_Lite_448.0.0.11.101,android.permission.BIND_NOTIFICATION_LISTENER_SERVICE
Facebook_Lite_448.0.0.11.101,android.permission.FOREGROUND_SERVICE_MEDIA_PROJECTION
Facebook_Lite_448.0.0.11.101,android.permission.BLUETOOTH
Facebook_Lite_448.0.0.11.101,android.permission.POST_NOTIFICATIONS
Facebook_Lite_448.0.0.11.101,android.permission.FOREGROUND_SERVICE_MICROPHONE
Facebook_Lite_448.0.0.11.101,android.permission.FOREGROUND_SERVICE
Facebook_Lite_448.0.0.11.101,android.permission.FOREGROUND_SERVICE_DATA_SYNC
Facebook_Lite_448.0.0.11.101,android.permission.RUN_USER_INITIATED_JOBS
Facebook_Lite_448.0.0.11.101,com.facebook.services.identity.FEO2
Facebook_Lite_448.0.0.11.101,com.google.android.finsky.permission.BIND_GET_INSTALL_REFERRER_SERVICE
Facebook_Lite_448.0.0.11.101,com.google.android.c2dm.permission.RECEIVE
Facebook_Lite_448.0.0.11.101,com.facebook.lite.DYNAMIC_RECEIVER_NOT_EXPORTED_PERMISSION
Facebook_Lite_448.0.0.11.101,com.android.vending.BILLING
Flip_6.4.8,android.permission.ACCESS_FINE_LOCATION
Flip_6.4.8,android.permission.VIBRATE
Flip_6.4.8,android.permission.INTERNET
Flip_6.4.8,android.permission.CAMERA
Flip_6.4.8,android.permission.RECORD_AUDIO
Flip_6.4.8,android.permission.READ_EXTERNAL_STORAGE
Flip_6.4.8,android.permission.WRITE_EXTERNAL_STORAGE
Flip_6.4.8,android.permission.READ_MEDIA_IMAGES
Flip_6.4.8,android.permission.READ_MEDIA_VIDEO
Flip_6.4.8,android.permission.USE_FINGERPRINT
Flip_6.4.8,com.sec.android.provider.badge.permission.READ
Flip_6.4.8,com.sec.android.provider.badge.permission.WRITE
Flip_6.4.8,com.htc.launcher.permission.READ_SETTINGS
Flip_6.4.8,com.htc.launcher.permission.UPDATE_SHORTCUT
Flip_6.4.8,com.sonyericsson.home.permission.BROADCAST_BADGE
Flip_6.4.8,com.sonymobile.home.permission.PROVIDER_INSERT_BADGE
Flip_6.4.8,com.anddoes.launcher.permission.UPDATE_COUNT
Flip_6.4.8,com.majeur.launcher.permission.UPDATE_BADGE
Flip_6.4.8,com.huawei.android.launcher.permission.CHANGE_BADGE
Flip_6.4.8,com.huawei.android.launcher.permission.READ_SETTINGS
Flip_6.4.8,com.huawei.android.launcher.permission.WRITE_SETTINGS
Flip_6.4.8,android.permission.READ_APP_BADGE
Flip_6.4.8,com.oppo.launcher.permission.READ_SETTINGS
Flip_6.4.8,com.oppo.launcher.permission.WRITE_SETTINGS
Flip_6.4.8,BIND_GET_INSTALL_REFERRER_SERVICE
Flip_6.4.8,com.android.vending.CHECK_LICENSE
Flip_6.4.8,com.google.android.gms.permission.AD_ID
Flip_6.4.8,android.permission.ACCESS_NETWORK_STATE
Flip_6.4.8,android.permission.POST_NOTIFICATIONS
Flip_6.4.8,android.permission.READ_CONTACTS
Flip_6.4.8,android.permission.WAKE_LOCK
Flip_6.4.8,android.permission.ACCESS_WIFI_STATE
Flip_6.4.8,android.permission.USE_BIOMETRIC
Flip_6.4.8,com.google.android.finsky.permission.BIND_GET_INSTALL_REFERRER_SERVICE
Flip_6.4.8,android.permission.ACCESS_ADSERVICES_ATTRIBUTION
Flip_6.4.8,android.permission.ACCESS_ADSERVICES_AD_ID
Flip_6.4.8,android.permission.FLASHLIGHT
Flip_6.4.8,android.permission.WRITE_SETTINGS
Flip_6.4.8,android.permission.MOUNT_UNMOUNT_FILESYSTEMS
Flip_6.4.8,android.permission.ACCESS_ADSERVICES_CUSTOM_AUDIENCE
Flip_6.4.8,com.google.android.c2dm.permission.RECEIVE
Flip_6.4.8,com.google.android.providers.gsf.permission.READ_GSERVICES
Flip_6.4.8,android.permission.RECEIVE_BOOT_COMPLETED
Flip_6.4.8,android.permission.FOREGROUND_SERVICE
Flip_6.4.8,com.flipfit.DYNAMIC_RECEIVER_NOT_EXPORTED_PERMISSION
Freebie-Alerts_3.8.3,android.permission.INTERNET
Freebie-Alerts_3.8.3,android.permission.ACCESS_NETWORK_STATE
Freebie-Alerts_3.8.3,android.permission.WAKE_LOCK
Freebie-Alerts_3.8.3,android.permission.ACCESS_WIFI_STATE
Freebie-Alerts_3.8.3,com.google.android.c2dm.permission.RECEIVE
Freebie-Alerts_3.8.3,android.permission.WRITE_EXTERNAL_STORAGE
Freebie-Alerts_3.8.3,com.android.vending.BILLING
Freebie-Alerts_3.8.3,android.permission.RECEIVE_BOOT_COMPLETED
Freebie-Alerts_3.8.3,android.permission.POST_NOTIFICATIONS
Freebie-Alerts_3.8.3,com.google.android.gms.permission.AD_ID
Freebie-Alerts_3.8.3,android.permission.ACCESS_ADSERVICES_AD_ID
Freebie-Alerts_3.8.3,android.permission.ACCESS_ADSERVICES_ATTRIBUTION
Freebie-Alerts_3.8.3,android.permission.ACCESS_ADSERVICES_TOPICS
Freebie-Alerts_3.8.3,com.google.android.finsky.permission.BIND_GET_INSTALL_REFERRER_SERVICE
Freebie-Alerts_3.8.3,android.permission.FOREGROUND_SERVICE
Freebie-Alerts_3.8.3,com.rodolfogs.nextdooralerts.DYNAMIC_RECEIVER_NOT_EXPORTED_PERMISSION
Freebie-Alerts_3.8.3,android.permission.SCHEDULE_EXACT_ALARM
Freebie-Alerts_3.8.3,com.sec.android.provider.badge.permission.READ
Freebie-Alerts_3.8.3,com.sec.android.provider.badge.permission.WRITE
Freebie-Alerts_3.8.3,com.htc.launcher.permission.READ_SETTINGS
Freebie-Alerts_3.8.3,com.htc.launcher.permission.UPDATE_SHORTCUT
Freebie-Alerts_3.8.3,com.sonyericsson.home.permission.BROADCAST_BADGE
Freebie-Alerts_3.8.3,com.sonymobile.home.permission.PROVIDER_INSERT_BADGE
Freebie-Alerts_3.8.3,com.anddoes.launcher.permission.UPDATE_COUNT
Freebie-Alerts_3.8.3,com.majeur.launcher.permission.UPDATE_BADGE
Freebie-Alerts_3.8.3,com.huawei.android.launcher.permission.CHANGE_BADGE
Freebie-Alerts_3.8.3,android.permission.READ_APP_BADGE
Freebie-Alerts_3.8.3,me.everything.badger.permission.BADGE_COUNT_READ
Freebie-Alerts_3.8.3,me.everything.badger.permission.BADGE_COUNT_WRITE
FreeTone_3.47.0,com.android.vending.BILLING
FreeTone_3.47.0,com.google.android.providers.gsf.permission.READ_GSERVICES
FreeTone_3.47.0,com.google.android.finsky.permission.BIND_GET_INSTALL_REFERRER_SERVICE
FreeTone_3.47.0,android.permission.FOREGROUND_SERVICE_PHONE_CALL
FreeTone_3.47.0,android.permission.FOREGROUND_SERVICE_LOCATION
FreeTone_3.47.0,android.permission.FOREGROUND_SERVICE_MICROPHONE
FreeTone_3.47.0,android.permission.MANAGE_OWN_CALLS
FreeTone_3.47.0,android.permission.POST_NOTIFICATIONS
FreeTone_3.47.0,com.google.android.gms.permission.AD_ID
FreeTone_3.47.0,android.permission.ACCESS_MEDIA_LOCATION
FreeTone_3.47.0,android.permission.USE_FULL_SCREEN_INTENT
FreeTone_3.47.0,android.permission.DISABLE_KEYGUARD
FreeTone_3.47.0,android.permission.WAKE_LOCK
FreeTone_3.47.0,android.permission.FOREGROUND_SERVICE
FreeTone_3.47.0,android.permission.RECORD_AUDIO
FreeTone_3.47.0,android.permission.ACCESS_COARSE_LOCATION
FreeTone_3.47.0,android.permission.ACCESS_FINE_LOCATION
FreeTone_3.47.0,android.permission.VIBRATE
FreeTone_3.47.0,android.permission.MODIFY_AUDIO_SETTINGS
FreeTone_3.47.0,android.permission.CAMERA
FreeTone_3.47.0,android.permission.RECEIVE_BOOT_COMPLETED
FreeTone_3.47.0,android.permission.BLUETOOTH
FreeTone_3.47.0,android.permission.BLUETOOTH_ADMIN
FreeTone_3.47.0,android.permission.BLUETOOTH_CONNECT
FreeTone_3.47.0,android.permission.BROADCAST_STICKY
FreeTone_3.47.0,android.permission.CALL_PHONE
FreeTone_3.47.0,android.permission.NEW_OUTGOING_CALL
FreeTone_3.47.0,android.permission.INTERNET
FreeTone_3.47.0,android.permission.ACCESS_WIFI_STATE
FreeTone_3.47.0,android.permission.ACCESS_NETWORK_STATE
FreeTone_3.47.0,android.permission.READ_PHONE_STATE
FreeTone_3.47.0,android.permission.READ_PHONE_NUMBERS
FreeTone_3.47.0,android.permission.READ_SYNC_STATS
FreeTone_3.47.0,android.permission.USE_CREDENTIALS
FreeTone_3.47.0,android.permission.MANAGE_ACCOUNTS
FreeTone_3.47.0,android.permission.AUTHENTICATE_ACCOUNTS
FreeTone_3.47.0,android.permission.GET_ACCOUNTS
FreeTone_3.47.0,android.permission.READ_CONTACTS
FreeTone_3.47.0,android.permission.READ_PROFILE
FreeTone_3.47.0,android.permission.WRITE_CONTACTS
FreeTone_3.47.0,android.permission.READ_SYNC_SETTINGS
FreeTone_3.47.0,android.permission.WRITE_SYNC_SETTINGS
FreeTone_3.47.0,android.permission.SYSTEM_ALERT_WINDOW
FreeTone_3.47.0,android.permission.WRITE_EXTERNAL_STORAGE
FreeTone_3.47.0,android.permission.READ_EXTERNAL_STORAGE
FreeTone_3.47.0,android.permission.READ_MEDIA_IMAGES
FreeTone_3.47.0,android.permission.READ_MEDIA_VIDEO
FreeTone_3.47.0,android.permission.READ_MEDIA_AUDIO
FreeTone_3.47.0,android.permission.CHANGE_WIFI_STATE
FreeTone_3.47.0,android.permission.USE_BIOMETRIC
FreeTone_3.47.0,android.permission.USE_FINGERPRINT
FreeTone_3.47.0,android.permission.ACCESS_ADSERVICES_TOPICS
FreeTone_3.47.0,android.permission.ACCESS_ADSERVICES_ATTRIBUTION
FreeTone_3.47.0,com.applovin.array.apphub.permission.BIND_APPHUB_SERVICE
FreeTone_3.47.0,com.textmeinc.freetone.DYNAMIC_RECEIVER_NOT_EXPORTED_PERMISSION
FreeTone_3.47.0,com.google.android.c2dm.permission.RECEIVE
FreeTone_3.47.0,android.permission.ACCESS_ADSERVICES_AD_ID
FreeTone_3.47.0,com.textmeinc.freetone.batch.permission.INTERNAL_BROADCAST
FreeTone_3.47.0,com.android.vending.CHECK_LICENSE
Grindr_25.2.0,android.permission.ACCESS_FINE_LOCATION
Grindr_25.2.0,android.permission.RECORD_AUDIO
Grindr_25.2.0,android.permission.MODIFY_AUDIO_SETTINGS
Grindr_25.2.0,android.permission.WAKE_LOCK
Grindr_25.2.0,android.permission.VIBRATE
Grindr_25.2.0,android.permission.INTERNET
Grindr_25.2.0,android.permission.ACCESS_NETWORK_STATE
Grindr_25.2.0,android.permission.ACCESS_WIFI_STATE
Grindr_25.2.0,android.permission.SYSTEM_ALERT_WINDOW
Grindr_25.2.0,android.permission.USE_BIOMETRIC
Grindr_25.2.0,com.google.android.gms.permission.AD_ID
Grindr_25.2.0,android.permission.SCHEDULE_EXACT_ALARM
Grindr_25.2.0,android.permission.READ_PHONE_STATE
Grindr_25.2.0,android.permission.READ_MEDIA_AUDIO
Grindr_25.2.0,android.permission.POST_NOTIFICATIONS
Grindr_25.2.0,android.permission.WRITE_EXTERNAL_STORAGE
Grindr_25.2.0,android.permission.READ_EXTERNAL_STORAGE
Grindr_25.2.0,com.grindrapp.android
Grindr_25.2.0,android.permission.CAMERA
Grindr_25.2.0,android.permission.KILL_BACKGROUND_PROCESSES
Grindr_25.2.0,android.permission.ACCESS_COARSE_LOCATION
Grindr_25.2.0,android.permission.CHANGE_NETWORK_STATE
Grindr_25.2.0,android.permission.USE_FINGERPRINT
Grindr_25.2.0,android.permission.ACCESS_ADSERVICES_ATTRIBUTION
Grindr_25.2.0,com.samsung.android.mapsagent.permission.READ_APP_INFO
Grindr_25.2.0,com.huawei.appmarket.service.commondata.permission.GET_COMMON_DATA
Grindr_25.2.0,android.permission.ACCESS_ADSERVICES_TOPICS
Grindr_25.2.0,android.permission.ACCESS_ADSERVICES_AD_ID
Grindr_25.2.0,android.permission.FOREGROUND_SERVICE
Grindr_25.2.0,com.google.android.c2dm.permission.RECEIVE
Grindr_25.2.0,com.android.vending.BILLING
Grindr_25.2.0,com.applovin.array.apphub.permission.BIND_APPHUB_SERVICE
Grindr_25.2.0,com.google.android.finsky.permission.BIND_GET_INSTALL_REFERRER_SERVICE
Grindr_25.2.0,com.grindrapp.android.DYNAMIC_RECEIVER_NOT_EXPORTED_PERMISSION
HapEnd_1.1.3,android.permission.FOREGROUND_SERVICE
HapEnd_1.1.3,˙com.overseas.catcheye.permission.RECEIVE_MSG
HapEnd_1.1.3,com.overseas.hapend.permission.MIPUSH_RECEIVE
HapEnd_1.1.3,com.meizu.flyme.push.permission.RECEIVE
HapEnd_1.1.3,com.google.android.gms.permission.AD_ID
HapEnd_1.1.3,com.overseas.catcheye.push.permission.MESSAGE
HapEnd_1.1.3,com.meizu.c2dm.permission.RECEIVE
HapEnd_1.1.3,com.overseas.catcheye.permission.C2D_MESSAGE
HapEnd_1.1.3,com.overseas.catcheye.permission.RECEIVE_MSG
HapEnd_1.1.3,com.coloros.mcs.permission.RECIEVE_MCS_MESSAGE
HapEnd_1.1.3,com.heytap.mcs.permission.RECIEVE_MCS_MESSAGE
HapEnd_1.1.3,android.permission.READ_EXTERNAL_STORAGE
HapEnd_1.1.3,android.permission.READ_MEDIA_IMAGES
HapEnd_1.1.3,android.permission.READ_MEDIA_VIDEO
HapEnd_1.1.3,android.permission.READ_MEDIA_AUDIO
HapEnd_1.1.3,android.permission.POST_NOTIFICATIONS
HapEnd_1.1.3,android.permission.WRITE_EXTERNAL_STORAGE
HapEnd_1.1.3,android.permission.INTERNET
HapEnd_1.1.3,android.permission.ACCESS_NETWORK_STATE
HapEnd_1.1.3,android.permission.ACCESS_WIFI_STATE
HapEnd_1.1.3,android.permission.WAKE_LOCK
HapEnd_1.1.3,android.permission.VIBRATE
HapEnd_1.1.3,android.permission.KILL_BACKGROUND_PROCESSES
HapEnd_1.1.3,android.permission.RECORD_AUDIO
HapEnd_1.1.3,android.permission.CAMERA
HapEnd_1.1.3,android.permission.ACCESS_FINE_LOCATION
HapEnd_1.1.3,android.permission.CHANGE_WIFI_STATE
HapEnd_1.1.3,android.permission.MODIFY_AUDIO_SETTINGS
HapEnd_1.1.3,android.permission.ACCESS_COARSE_LOCATION
HapEnd_1.1.3,android.permission.MANAGE_ACCOUNTS
HapEnd_1.1.3,android.permission.REORDER_TASKS
HapEnd_1.1.3,com.android.vending.BILLING
HapEnd_1.1.3,com.android.providers.media.MediaProvider
HapEnd_1.1.3,com.google.android.c2dm.permission.RECEIVE
HapEnd_1.1.3,com.google.android.finsky.permission.BIND_GET_INSTALL_REFERRER_SERVICE
HapEnd_1.1.3,android.permission.READ_PHONE_STATE
HapEnd_1.1.3,com.overseas.hapend.DYNAMIC_RECEIVER_NOT_EXPORTED_PERMISSION
HapEnd_1.1.3,android.permission.WRITE_SETTINGS
HapEnd_1.1.3,android.permission.MOUNT_UNMOUNT_FILESYSTEMS
HapEnd_1.1.3,com.sec.android.provider.badge.permission.READ
HapEnd_1.1.3,com.sec.android.provider.badge.permission.WRITE
HapEnd_1.1.3,com.htc.launcher.permission.READ_SETTINGS
HapEnd_1.1.3,com.htc.launcher.permission.UPDATE_SHORTCUT
HapEnd_1.1.3,com.sonyericsson.home.permission.BROADCAST_BADGE
HapEnd_1.1.3,com.sonymobile.home.permission.PROVIDER_INSERT_BADGE
HapEnd_1.1.3,com.anddoes.launcher.permission.UPDATE_COUNT
HapEnd_1.1.3,com.majeur.launcher.permission.UPDATE_BADGE
HapEnd_1.1.3,com.huawei.android.launcher.permission.CHANGE_BADGE
HapEnd_1.1.3,com.huawei.android.launcher.permission.READ_SETTINGS
HapEnd_1.1.3,com.huawei.android.launcher.permission.WRITE_SETTINGS
HapEnd_1.1.3,android.permission.READ_APP_BADGE
HapEnd_1.1.3,com.oppo.launcher.permission.READ_SETTINGS
HapEnd_1.1.3,com.oppo.launcher.permission.WRITE_SETTINGS
HapEnd_1.1.3,me.everything.badger.permission.BADGE_COUNT_READ
HapEnd_1.1.3,me.everything.badger.permission.BADGE_COUNT_WRITE
Hiya_4.33.2,android.permission.INTERNET
Hiya_4.33.2,android.permission.ACCESS_WIFI_STATE
Hiya_4.33.2,android.permission.ACCESS_NETWORK_STATE
Hiya_4.33.2,android.permission.CHANGE_NETWORK_STATE
Hiya_4.33.2,android.permission.CHANGE_WIFI_STATE
Hiya_4.33.2,android.permission.READ_PHONE_STATE
Hiya_4.33.2,android.permission.WRITE_EXTERNAL_STORAGE
Hiya_4.33.2,android.permission.READ_EXTERNAL_STORAGE
Hiya_4.33.2,android.permission.VIBRATE
Hiya_4.33.2,android.permission.WAKE_LOCK
Hiya_4.33.2,android.permission.CAMERA
Hiya_4.33.2,android.permission.RECORD_AUDIO
Hiya_4.33.2,android.permission.ACCESS_COARSE_LOCATION
Hiya_4.33.2,android.permission.ACCESS_FINE_LOCATION
Hiya_4.33.2,android.permission.RECEIVE_BOOT_COMPLETED
Hiya_4.33.2,android.permission.RECEIVE_USER_PRESENT
Hiya_4.33.2,com.android.vending.BILLING
Hiya_4.33.2,android.permission.FOREGROUND_SERVICE
Hiya_4.33.2,android.permission.SYSTEM_ALERT_WINDOW
Hiya_4.33.2,android.permission.MODIFY_AUDIO_SETTINGS
Hiya_4.33.2,android.permission.BLUETOOTH
Hiya_4.33.2,android.permission.BLUETOOTH_ADMIN
Hiya_4.33.2,com.global.live.permission.C2D_MESSAGE
Hiya_4.33.2,android.permission.POST_NOTIFICATIONS
Hiya_4.33.2,android.permission.READ_MEDIA_IMAGES
Hiya_4.33.2,android.permission.READ_MEDIA_AUDIO
Hiya_4.33.2,android.permission.READ_MEDIA_VIDEO
Hiya_4.33.2,com.google.android.gms.permission.AD_ID
Hiya_4.33.2,android.permission.FOREGROUND_SERVICE_TYPE_MICROPHONE
Hiya_4.33.2,android.permission.REORDER_TASKS
Hiya_4.33.2,android.permission.GET_TASKS
Hiya_4.33.2,android.permission.REQUEST_IGNORE_BATTERY_OPTIMIZATIONS
Hiya_4.33.2,com.global.live.permission.MESSAGE_RECEIVE
Hiya_4.33.2,android.permission.READ_SETTINGS
Hiya_4.33.2,com.google.android.c2dm.permission.RECEIVE
Hiya_4.33.2,com.google.android.finsky.permission.BIND_GET_INSTALL_REFERRER_SERVICE
Hiya_4.33.2,com.global.live.manual.dump
Hiya_4.33.2,com.global.live.matrix.permission.PROCESS_SUPERVISOR
HolMe_1.3.4,android.permission.FOREGROUND_SERVICE
HolMe_1.3.4,˙com.iaznl.holme.permission.RECEIVE_MSG
HolMe_1.3.4,com.iaznl.holme.permission.MIPUSH_RECEIVE
HolMe_1.3.4,com.meizu.flyme.push.permission.RECEIVE
HolMe_1.3.4,com.google.android.gms.permission.AD_ID
HolMe_1.3.4,com.iaznl.holme.push.permission.MESSAGE
HolMe_1.3.4,com.meizu.c2dm.permission.RECEIVE
HolMe_1.3.4,com.iaznl.holme.permission.C2D_MESSAGE
HolMe_1.3.4,com.iaznl.holme.permission.RECEIVE_MSG
HolMe_1.3.4,com.coloros.mcs.permission.RECIEVE_MCS_MESSAGE
HolMe_1.3.4,com.heytap.mcs.permission.RECIEVE_MCS_MESSAGE
HolMe_1.3.4,android.permission.READ_EXTERNAL_STORAGE
HolMe_1.3.4,android.permission.READ_MEDIA_IMAGES
HolMe_1.3.4,android.permission.READ_MEDIA_VIDEO
HolMe_1.3.4,android.permission.READ_MEDIA_AUDIO
HolMe_1.3.4,android.permission.POST_NOTIFICATIONS
HolMe_1.3.4,android.permission.WRITE_EXTERNAL_STORAGE
HolMe_1.3.4,android.permission.ACCESS_NETWORK_STATE
HolMe_1.3.4,android.permission.INTERNET
HolMe_1.3.4,com.android.providers.media.MediaProvider
HolMe_1.3.4,android.permission.CAMERA
HolMe_1.3.4,android.permission.ACCESS_WIFI_STATE
HolMe_1.3.4,android.permission.WAKE_LOCK
HolMe_1.3.4,android.permission.VIBRATE
HolMe_1.3.4,android.permission.KILL_BACKGROUND_PROCESSES
HolMe_1.3.4,android.permission.RECORD_AUDIO
HolMe_1.3.4,android.permission.ACCESS_FINE_LOCATION
HolMe_1.3.4,android.permission.CHANGE_WIFI_STATE
HolMe_1.3.4,android.permission.MODIFY_AUDIO_SETTINGS
HolMe_1.3.4,android.permission.ACCESS_COARSE_LOCATION
HolMe_1.3.4,android.permission.MANAGE_ACCOUNTS
HolMe_1.3.4,android.permission.REORDER_TASKS
HolMe_1.3.4,android.permission.BLUETOOTH_ADMIN
HolMe_1.3.4,android.permission.BLUETOOTH
HolMe_1.3.4,android.permission.ACCESS_LOCATION_EXTRA_COMMANDS
HolMe_1.3.4,android.permission.READ_PHONE_STATE
HolMe_1.3.4,com.android.vending.BILLING
HolMe_1.3.4,com.google.android.c2dm.permission.RECEIVE
HolMe_1.3.4,com.google.android.finsky.permission.BIND_GET_INSTALL_REFERRER_SERVICE
HolMe_1.3.4,android.permission.RECEIVE_BOOT_COMPLETED
HolMe_1.3.4,com.iaznl.holme.DYNAMIC_RECEIVER_NOT_EXPORTED_PERMISSION
HolMe_1.3.4,android.permission.WRITE_SETTINGS
HolMe_1.3.4,android.permission.MOUNT_UNMOUNT_FILESYSTEMS
Instagram_369.0.0.46.101,android.permission.INTERNET
Instagram_369.0.0.46.101,android.permission.ACCESS_NETWORK_STATE
Instagram_369.0.0.46.101,android.permission.WAKE_LOCK
Instagram_369.0.0.46.101,android.permission.AUTHENTICATE_ACCOUNTS
Instagram_369.0.0.46.101,android.permission.MANAGE_ACCOUNTS
Instagram_369.0.0.46.101,android.permission.GET_ACCOUNTS
Instagram_369.0.0.46.101,android.permission.USE_CREDENTIALS
Instagram_369.0.0.46.101,android.permission.RECEIVE_BOOT_COMPLETED
Instagram_369.0.0.46.101,android.permission.VIBRATE
Instagram_369.0.0.46.101,android.permission.FOREGROUND_SERVICE
Instagram_369.0.0.46.101,android.permission.USE_FULL_SCREEN_INTENT
Instagram_369.0.0.46.101,com.google.android.c2dm.permission.RECEIVE
Instagram_369.0.0.46.101,android.permission.BLUETOOTH
Instagram_369.0.0.46.101,android.permission.CAMERA
Instagram_369.0.0.46.101,android.permission.READ_CONTACTS
Instagram_369.0.0.46.101,android.permission.READ_PROFILE
Instagram_369.0.0.46.101,android.permission.ACCESS_FINE_LOCATION
Instagram_369.0.0.46.101,android.permission.RECORD_AUDIO
Instagram_369.0.0.46.101,android.permission.MODIFY_AUDIO_SETTINGS
Instagram_369.0.0.46.101,android.permission.READ_EXTERNAL_STORAGE
Instagram_369.0.0.46.101,android.permission.READ_MEDIA_IMAGES
Instagram_369.0.0.46.101,android.permission.READ_MEDIA_VIDEO
Instagram_369.0.0.46.101,android.permission.READ_MEDIA_VISUAL_USER_SELECTED
Instagram_369.0.0.46.101,android.permission.WRITE_EXTERNAL_STORAGE
Instagram_369.0.0.46.101,android.permission.ACCESS_MEDIA_LOCATION
Instagram_369.0.0.46.101,android.permission.POST_NOTIFICATIONS
Instagram_369.0.0.46.101,com.google.android.gms.permission.AD_ID
Instagram_369.0.0.46.101,android.permission.READ_PHONE_STATE
Instagram_369.0.0.46.101,android.permission.READ_PHONE_NUMBERS
Instagram_369.0.0.46.101,android.permission.READ_BASIC_PHONE_STATE
Instagram_369.0.0.46.101,android.permission.ANSWER_PHONE_CALLS
Instagram_369.0.0.46.101,android.permission.READ_CALL_LOG
Instagram_369.0.0.46.101,com.android.launcher.permission.INSTALL_SHORTCUT
Instagram_369.0.0.46.101,com.android.launcher.permission.UNINSTALL_SHORTCUT
Instagram_369.0.0.46.101,com.instagram.direct.permission.PROTECTED_DEEPLINKING
Instagram_369.0.0.46.101,com.instagram.direct.permission.DIRECT_APP_THREAD_STORE_SERVICE
Instagram_369.0.0.46.101,com.facebook.services.identity.FEO2
Instagram_369.0.0.46.101,com.htc.launcher.permission.READ_SETTINGS
Instagram_369.0.0.46.101,com.htc.launcher.permission.UPDATE_SHORTCUT
Instagram_369.0.0.46.101,com.huawei.android.launcher.permission.CHANGE_BADGE
Instagram_369.0.0.46.101,com.sonyericsson.home.permission.BROADCAST_BADGE
Instagram_369.0.0.46.101,com.sonymobile.home.permission.PROVIDER_INSERT_BADGE
Instagram_369.0.0.46.101,android.permission.FOREGROUND_SERVICE_DATA_SYNC
Instagram_369.0.0.46.101,android.permission.FOREGROUND_SERVICE_MEDIA_PLAYBACK
Instagram_369.0.0.46.101,com.facebook.katana.provider.ACCESS
Instagram_369.0.0.46.101,android.permission.ACCESS_ADSERVICES_ATTRIBUTION
Instagram_369.0.0.46.101,android.permission.ACCESS_ADSERVICES_AD_ID
Instagram_369.0.0.46.101,android.permission.CREDENTIAL_MANAGER_SET_ALLOWED_PROVIDERS
Instagram_369.0.0.46.101,android.permission.BLUETOOTH_CONNECT
Instagram_369.0.0.46.101,android.permission.CHANGE_NETWORK_STATE
Instagram_369.0.0.46.101,android.permission.MEDIA_PROJECTION
Instagram_369.0.0.46.101,android.permission.FOREGROUND_SERVICE_MEDIA_PROJECTION
Instagram_369.0.0.46.101,android.permission.CAPTURE_VIDEO_OUTPUT
Instagram_369.0.0.46.101,.permission.RECEIVE_ADM_MESSAGE
Instagram_369.0.0.46.101,com.amazon.device.messaging.permission.RECEIVE
Instagram_369.0.0.46.101,com.instagram.android.DYNAMIC_RECEIVER_NOT_EXPORTED_PERMISSION
Instagram_369.0.0.46.101,android.permission.FOREGROUND_SERVICE_LOCATION
Instagram_369.0.0.46.101,com.google.android.finsky.permission.BIND_GET_INSTALL_REFERRER_SERVICE
Instagram_369.0.0.46.101,com.instagram.android.permission.CROSS_PROCESS_BROADCAST_MANAGER
Instagram_369.0.0.46.101,android.permission.FOREGROUND_SERVICE_MICROPHONE
Instagram_369.0.0.46.101,android.permission.FOREGROUND_SERVICE_PHONE_CALL
Instagram_369.0.0.46.101,android.permission.FOREGROUND_SERVICE_CONNECTED_DEVICE
Instagram_369.0.0.46.101,android.permission.USE_BIOMETRIC
Instagram_369.0.0.46.101,android.permission.USE_FINGERPRINT
Instagram_369.0.0.46.101,android.permission.FOREGROUND_SERVICE_CAMERA
Instagram_369.0.0.46.101,android.permission.REORDER_TASKS
Instagram_369.0.0.46.101,com.android.vending.BILLING
Instagram_369.0.0.46.101,android.permission.MANAGE_OWN_CALLS
Kismia_2.3.2,android.permission.INTERNET
Kismia_2.3.2,android.permission.ACCESS_FINE_LOCATION
Kismia_2.3.2,android.permission.ACCESS_COARSE_LOCATION
Kismia_2.3.2,android.permission.CAMERA
Kismia_2.3.2,com.android.vending.BILLING
Kismia_2.3.2,com.android.vending.ACCESS_NETWORK_STATE
Kismia_2.3.2,com.android.vending.ACCESS_WIFI_STATE
Kismia_2.3.2,com.google.android.gms.permission.AD_ID
Kismia_2.3.2,android.permission.POST_NOTIFICATIONS
Kismia_2.3.2,android.permission.VIBRATE
Kismia_2.3.2,android.permission.ACCESS_NETWORK_STATE
Kismia_2.3.2,android.permission.WAKE_LOCK
Kismia_2.3.2,android.permission.RECEIVE_BOOT_COMPLETED
Kismia_2.3.2,android.permission.FOREGROUND_SERVICE
Kismia_2.3.2,com.google.android.finsky.permission.BIND_GET_INSTALL_REFERRER_SERVICE
Kismia_2.3.2,android.permission.ACCESS_ADSERVICES_ATTRIBUTION
Kismia_2.3.2,android.permission.ACCESS_ADSERVICES_AD_ID
Kismia_2.3.2,com.google.android.c2dm.permission.RECEIVE
Kismia_2.3.2,android.permission.ACCESS_ADSERVICES_CUSTOM_AUDIENCE
Kismia_2.3.2,com.kismia.app.DYNAMIC_RECEIVER_NOT_EXPORTED_PERMISSION
Kismia_2.3.2,com.samsung.android.mapsagent.permission.READ_APP_INFO
Kismia_2.3.2,com.huawei.appmarket.service.commondata.permission.GET_COMMON_DATA
Likee_5.41.2,android.permission.INTERNET
Likee_5.41.2,android.permission.ACCESS_NETWORK_STATE
Likee_5.41.2,android.permission.VIBRATE
Likee_5.41.2,android.permission.FLASHLIGHT
Likee_5.41.2,android.permission.WAKE_LOCK
Likee_5.41.2,android.permission.ACCESS_WIFI_STATE
Likee_5.41.2,android.permission.MODIFY_AUDIO_SETTINGS
Likee_5.41.2,android.permission.CHANGE_WIFI_STATE
Likee_5.41.2,android.permission.GET_TASKS
Likee_5.41.2,android.permission.RECEIVE_BOOT_COMPLETED
Likee_5.41.2,android.permission.CAMERA
Likee_5.41.2,android.permission.READ_PHONE_STATE
Likee_5.41.2,android.permission.READ_PHONE_NUMBERS
Likee_5.41.2,android.permission.WRITE_EXTERNAL_STORAGE
Likee_5.41.2,android.permission.RECORD_AUDIO
Likee_5.41.2,android.permission.ACCESS_COARSE_LOCATION
Likee_5.41.2,android.permission.BLUETOOTH
Likee_5.41.2,android.permission.BLUETOOTH_ADMIN
Likee_5.41.2,android.permission.READ_CONTACTS
Likee_5.41.2,android.permission.SYSTEM_ALERT_WINDOW
Likee_5.41.2,com.android.vending.BILLING
Likee_5.41.2,android.permission.GET_PACKAGE_SIZE
Likee_5.41.2,sg.bigo.live.permission.Bepulled
Likee_5.41.2,com.imo.android.imoim.permission.Bepulled
Likee_5.41.2,android.permission.FOREGROUND_SERVICE
Likee_5.41.2,com.google.android.finsky.permission.BIND_GET_INSTALL_REFERRER_SERVICE
Likee_5.41.2,com.imo.android.imoimbeta.lockscreen.provider.read
Likee_5.41.2,com.imo.android.imoim.lockscreen.provider.read
Likee_5.41.2,android.permission.REORDER_TASKS
Likee_5.41.2,android.permission.USE_FULL_SCREEN_INTENT
Likee_5.41.2,video.like.wallpaper.plugin.permission
Likee_5.41.2,android.permission.POST_NOTIFICATIONS
Likee_5.41.2,com.google.android.gms.permission.AD_ID
Likee_5.41.2,android.permission.READ_MEDIA_AUDIO
Likee_5.41.2,android.permission.READ_MEDIA_IMAGES
Likee_5.41.2,android.permission.READ_MEDIA_VIDEO
Likee_5.41.2,android.permission.SCHEDULE_EXACT_ALARM
Likee_5.41.2,android.permission.READ_MEDIA_VISUAL_USER_SELECTED
Likee_5.41.2,android.permission.FOREGROUND_SERVICE_DATA_SYNC
Likee_5.41.2,android.permission.FOREGROUND_SERVICE_MEDIA_PROJECTION
Likee_5.41.2,android.permission.FOREGROUND_SERVICE_MICROPHONE
Likee_5.41.2,com.truecaller.permission.sdk.internal.read_account_state
Likee_5.41.2,com.google.android.c2dm.permission.RECEIVE
Likee_5.41.2,android.permission.ACCESS_ADSERVICES_ATTRIBUTION
Likee_5.41.2,android.permission.ACCESS_ADSERVICES_AD_ID
Likee_5.41.2,video.like.DYNAMIC_RECEIVER_NOT_EXPORTED_PERMISSION
Likee_5.41.2,video.like.permission.MIPUSH_RECEIVE
Likee_5.41.2,com.coloros.mcs.permission.RECIEVE_MCS_MESSAGE
Likee_5.41.2,com.heytap.mcs.permission.RECIEVE_MCS_MESSAGE
Likee_5.41.2,video.like.permission.PERMISSION_SAFE_BROADCAST
Likee_5.41.2,com.huawei.appmarket.service.commondata.permission.GET_COMMON_DATA
Likee_5.41.2,video.like.permission.PROCESS_PUSH_MSG
Likee_5.41.2,video.like.permission.PUSH_PROVIDER
Likee_5.41.2,android.permission.USE_FINGERPRINT
Likee_5.41.2,com.google.android.providers.gsf.permission.READ_GSERVICES
Likee_5.41.2,android.permission.READ_EXTERNAL_STORAGE
Likee_5.41.2,video.like.permission.PERMISSION_TITAN_SAFE_BROADCAST
Likee_5.41.2,android.permission.READ_SYNC_SETTINGS
Likee_5.41.2,android.permission.WRITE_SYNC_SETTINGS
Likee_5.41.2,com.huawei.android.launcher.permission.CHANGE_BADGE 
Likee_5.41.2,com.sonyericsson.home.permission.BROADCAST_BADGE
Likee_5.41.2,android.permission.READ_APP_BADGE
Likee_5.41.2,com.vivo.notification.permission.BADGE_ICON
Likee_5.41.2,com.applovin.array.apphub.permission.BIND_APPHUB_SERVICE
Likee_5.41.2,android.permission.ANSWER_PHONE_CALLS
Likee_5.41.2,android.permission.READ_CALL_LOG
Likee_5.41.2,android.permission.CALL_PHONE
Linky-AI_2.9.1,android.permission.INTERNET
Linky-AI_2.9.1,android.permission.SYSTEM_ALERT_WINDOW
Linky-AI_2.9.1,android.permission.READ_EXTERNAL_STORAGE
Linky-AI_2.9.1,android.permission.WRITE_EXTERNAL_STORAGE
Linky-AI_2.9.1,com.google.android.gms.permission.AD_ID
Linky-AI_2.9.1,com.sec.android.provider.badge.permission.READ
Linky-AI_2.9.1,com.sec.android.provider.badge.permission.WRITE
Linky-AI_2.9.1,com.htc.launcher.permission.READ_SETTINGS
Linky-AI_2.9.1,com.htc.launcher.permission.UPDATE_SHORTCUT
Linky-AI_2.9.1,com.sonyericsson.home.permission.BROADCAST_BADGE
Linky-AI_2.9.1,com.sonymobile.home.permission.PROVIDER_INSERT_BADGE
Linky-AI_2.9.1,com.anddoes.launcher.permission.UPDATE_COUNT
Linky-AI_2.9.1,com.majeur.launcher.permission.UPDATE_BADGE
Linky-AI_2.9.1,com.huawei.android.launcher.permission.CHANGE_BADGE
Linky-AI_2.9.1,com.huawei.android.launcher.permission.READ_SETTINGS
Linky-AI_2.9.1,com.huawei.android.launcher.permission.WRITE_SETTINGS
Linky-AI_2.9.1,com.vivo.notification.permission.BADGE_ICON
Linky-AI_2.9.1,android.permission.READ_APP_BADGE
Linky-AI_2.9.1,com.oppo.launcher.permission.READ_SETTINGS
Linky-AI_2.9.1,com.oppo.launcher.permission.WRITE_SETTINGS
Linky-AI_2.9.1,me.everything.badger.permission.BADGE_COUNT_READ
Linky-AI_2.9.1,me.everything.badger.permission.BADGE_COUNT_WRITE
Linky-AI_2.9.1,android.permission.AUTHENTICATE_ACCOUNTS
Linky-AI_2.9.1,android.permission.MANAGE_ACCOUNTS
Linky-AI_2.9.1,android.permission.GET_ACCOUNTS
Linky-AI_2.9.1,android.permission.USE_CREDENTIALS
Linky-AI_2.9.1,android.permission.WRITE_SYNC_SETTINGS
Linky-AI_2.9.1,android.permission.MODIFY_AUDIO_SETTINGS
Linky-AI_2.9.1,android.permission.ACCESS_NETWORK_STATE
Linky-AI_2.9.1,android.permission.CAMERA
Linky-AI_2.9.1,android.permission.RECORD_AUDIO
Linky-AI_2.9.1,android.permission.WAKE_LOCK
Linky-AI_2.9.1,android.permission.POST_NOTIFICATIONS
Linky-AI_2.9.1,android.permission.VIBRATE
Linky-AI_2.9.1,android.permission.ACCESS_NOTIFICATION_POLICY
Linky-AI_2.9.1,android.permission.MANAGE_OWN_CALLS
Linky-AI_2.9.1,android.permission.FOREGROUND_SERVICE
Linky-AI_2.9.1,android.permission.RECEIVE_BOOT_COMPLETED
Linky-AI_2.9.1,android.permission.DETECT_SCREEN_CAPTURE
Linky-AI_2.9.1,android.permission.READ_PHONE_STATE
Linky-AI_2.9.1,android.permission.ACCESS_ADSERVICES_TOPICS
Linky-AI_2.9.1,android.permission.ACCESS_ADSERVICES_ATTRIBUTION
Linky-AI_2.9.1,com.android.vending.BILLING
Linky-AI_2.9.1,android.permission.ACCESS_ADSERVICES_AD_ID
Linky-AI_2.9.1,com.applovin.array.apphub.permission.BIND_APPHUB_SERVICE
Linky-AI_2.9.1,android.permission.ACCESS_WIFI_STATE
Linky-AI_2.9.1,com.google.android.finsky.permission.BIND_GET_INSTALL_REFERRER_SERVICE
Linky-AI_2.9.1,com.google.android.c2dm.permission.RECEIVE
Linky-AI_2.9.1,com.google.android.providers.gsf.permission.READ_GSERVICES
Linky-AI_2.9.1,com.aigc.ushow.ichat.DYNAMIC_RECEIVER_NOT_EXPORTED_PERMISSION
Linky-AI_2.9.1,com.samsung.android.mapsagent.permission.READ_APP_INFO
Linky-AI_2.9.1,com.huawei.appmarket.service.commondata.permission.GET_COMMON_DATA
Linky-AI_2.9.1,android.permission.BLUETOOTH
Linky-AI_2.9.1,android.permission.CHANGE_NETWORK_STATE
Linky-AI_2.9.1,android.permission.GET_TASKS
Locket-Widget_1.186.0,android.permission.INTERNET
Locket-Widget_1.186.0,android.permission.READ_CONTACTS
Locket-Widget_1.186.0,android.permission.READ_EXTERNAL_STORAGE
Locket-Widget_1.186.0,android.permission.SYSTEM_ALERT_WINDOW
Locket-Widget_1.186.0,android.permission.VIBRATE
Locket-Widget_1.186.0,android.permission.WRITE_EXTERNAL_STORAGE
Locket-Widget_1.186.0,android.permission.WAKE_LOCK
Locket-Widget_1.186.0,android.permission.FOREGROUND_SERVICE
Locket-Widget_1.186.0,android.permission.POST_NOTIFICATIONS
Locket-Widget_1.186.0,android.permission.CAMERA
Locket-Widget_1.186.0,android.permission.ACCESS_NETWORK_STATE
Locket-Widget_1.186.0,android.permission.RECORD_AUDIO
Locket-Widget_1.186.0,android.permission.RECEIVE_BOOT_COMPLETED
Locket-Widget_1.186.0,com.google.android.providers.gsf.permission.READ_GSERVICES
Locket-Widget_1.186.0,com.google.android.c2dm.permission.RECEIVE
Locket-Widget_1.186.0,com.google.android.finsky.permission.BIND_GET_INSTALL_REFERRER_SERVICE
Locket-Widget_1.186.0,com.google.android.gms.permission.AD_ID
Locket-Widget_1.186.0,android.permission.ACCESS_ADSERVICES_ATTRIBUTION
Locket-Widget_1.186.0,android.permission.ACCESS_ADSERVICES_AD_ID
Locket-Widget_1.186.0,com.locket.Locket.DYNAMIC_RECEIVER_NOT_EXPORTED_PERMISSION
Locket-Widget_1.186.0,com.sec.android.provider.badge.permission.READ
Locket-Widget_1.186.0,com.sec.android.provider.badge.permission.WRITE
Locket-Widget_1.186.0,com.htc.launcher.permission.READ_SETTINGS
Locket-Widget_1.186.0,com.htc.launcher.permission.UPDATE_SHORTCUT
Locket-Widget_1.186.0,com.sonyericsson.home.permission.BROADCAST_BADGE
Locket-Widget_1.186.0,com.sonymobile.home.permission.PROVIDER_INSERT_BADGE
Locket-Widget_1.186.0,com.anddoes.launcher.permission.UPDATE_COUNT
Locket-Widget_1.186.0,com.majeur.launcher.permission.UPDATE_BADGE
Locket-Widget_1.186.0,com.huawei.android.launcher.permission.CHANGE_BADGE
Locket-Widget_1.186.0,com.huawei.android.launcher.permission.READ_SETTINGS
Locket-Widget_1.186.0,com.huawei.android.launcher.permission.WRITE_SETTINGS
Locket-Widget_1.186.0,android.permission.READ_APP_BADGE
Locket-Widget_1.186.0,com.oppo.launcher.permission.READ_SETTINGS
Locket-Widget_1.186.0,com.oppo.launcher.permission.WRITE_SETTINGS
Locket-Widget_1.186.0,me.everything.badger.permission.BADGE_COUNT_READ
Locket-Widget_1.186.0,me.everything.badger.permission.BADGE_COUNT_WRITE
MeetMe_195.0,android.permission.FOREGROUND_SERVICE
MeetMe_195.0,android.permission.INTERNET
MeetMe_195.0,android.permission.ACCESS_NETWORK_STATE
MeetMe_195.0,android.permission.ACCESS_FINE_LOCATION
MeetMe_195.0,android.permission.ACCESS_COARSE_LOCATION
MeetMe_195.0,android.permission.ACCESS_WIFI_STATE
MeetMe_195.0,android.permission.CAMERA
MeetMe_195.0,android.permission.WRITE_EXTERNAL_STORAGE
MeetMe_195.0,android.permission.MANAGE_ACCOUNTS
MeetMe_195.0,com.google.android.finsky.permission.BIND_GET_INSTALL_REFERRER_SERVICE
MeetMe_195.0,android.permission.READ_EXTERNAL_STORAGE
MeetMe_195.0,android.permission.POST_NOTIFICATIONS
MeetMe_195.0,com.google.android.gms.permission.AD_ID
MeetMe_195.0,android.permission.WAKE_LOCK
MeetMe_195.0,android.permission.ACCESS_ADSERVICES_ATTRIBUTION
MeetMe_195.0,android.permission.ACCESS_ADSERVICES_AD_ID
MeetMe_195.0,android.permission.MODIFY_AUDIO_SETTINGS
MeetMe_195.0,android.permission.RECORD_AUDIO
MeetMe_195.0,android.permission.FOREGROUND_SERVICE_DATA_SYNC
MeetMe_195.0,android.permission.RECEIVE_BOOT_COMPLETED
MeetMe_195.0,android.permission.PACKAGE_USAGE_STATS
MeetMe_195.0,android.permission.ACCESS_ADSERVICES_TOPICS
MeetMe_195.0,android.permission.AD_SERVICES_CONFIG
MeetMe_195.0,com.google.android.providers.gsf.permission.READ_GSERVICES
MeetMe_195.0,com.applovin.array.apphub.permission.BIND_APPHUB_SERVICE
MeetMe_195.0,com.android.vending.BILLING
MeetMe_195.0,com.google.android.c2dm.permission.RECEIVE
MeetMe_195.0,com.myyearbook.m.DYNAMIC_RECEIVER_NOT_EXPORTED_PERMISSION
Meetup_2025.02.25.2326,android.permission.ACCESS_FINE_LOCATION
Meetup_2025.02.25.2326,android.permission.ACCESS_COARSE_LOCATION
Meetup_2025.02.25.2326,android.permission.WRITE_EXTERNAL_STORAGE
Meetup_2025.02.25.2326,android.permission.READ_EXTERNAL_STORAGE
Meetup_2025.02.25.2326,android.permission.WAKE_LOCK
Meetup_2025.02.25.2326,android.permission.VIBRATE
Meetup_2025.02.25.2326,com.google.android.c2dm.permission.RECEIVE
Meetup_2025.02.25.2326,com.meetup.permission.MAPS_RECEIVE
Meetup_2025.02.25.2326,com.google.android.providers.gsf.permission.READ_GSERVICES
Meetup_2025.02.25.2326,android.permission.FOREGROUND_SERVICE
Meetup_2025.02.25.2326,com.android.vending.BILLING
Meetup_2025.02.25.2326,android.permission.POST_NOTIFICATIONS
Meetup_2025.02.25.2326,com.google.android.gms.permission.AD_ID
Meetup_2025.02.25.2326,android.permission.INTERNET
Meetup_2025.02.25.2326,android.permission.ACCESS_NETWORK_STATE
Meetup_2025.02.25.2326,android.permission.GET_ACCOUNTS
Meetup_2025.02.25.2326,android.permission.USE_CREDENTIALS
Meetup_2025.02.25.2326,android.permission.MANAGE_ACCOUNTS
Meetup_2025.02.25.2326,android.permission.AUTHENTICATE_ACCOUNTS
Meetup_2025.02.25.2326,android.permission.CAMERA
Meetup_2025.02.25.2326,android.permission.FOREGROUND_SERVICE_DATA_SYNC
Meetup_2025.02.25.2326,android.permission.ACCESS_ADSERVICES_AD_ID
Meetup_2025.02.25.2326,android.permission.ACCESS_ADSERVICES_ATTRIBUTION
Meetup_2025.02.25.2326,android.permission.ACCESS_ADSERVICES_TOPICS
Meetup_2025.02.25.2326,com.meetup.DYNAMIC_RECEIVER_NOT_EXPORTED_PERMISSION
Meetup_2025.02.25.2326,com.google.android.finsky.permission.BIND_GET_INSTALL_REFERRER_SERVICE
Meetup_2025.02.25.2326,android.permission.ACCESS_WIFI_STATE
Meetup_2025.02.25.2326,com.applovin.array.apphub.permission.BIND_APPHUB_SERVICE
Minichat_104058,android.permission.ACCESS_NETWORK_STATE
Minichat_104058,com.android.vending.BILLING
Minichat_104058,android.permission.INTERNET
Minichat_104058,android.permission.ACCESS_WIFI_STATE
Minichat_104058,android.permission.CAMERA
Minichat_104058,android.permission.RECORD_AUDIO
Minichat_104058,android.permission.READ_PHONE_STATE
Minichat_104058,android.permission.MODIFY_AUDIO_SETTINGS
Minichat_104058,android.permission.BLUETOOTH_CONNECT
Minichat_104058,android.permission.BLUETOOTH_ADMIN
Minichat_104058,android.permission.BLUETOOTH
Minichat_104058,android.permission.ACCESS_COARSE_LOCATION
Minichat_104058,android.permission.POST_NOTIFICATIONS
Minichat_104058,mini.video.chat.permission.C2D_MESSAGE
Minichat_104058,android.permission.WAKE_LOCK
Minichat_104058,com.google.android.c2dm.permission.RECEIVE
Minichat_104058,com.google.android.finsky.permission.BIND_GET_INSTALL_REFERRER_SERVICE
Minichat_104058,android.permission.RECEIVE_BOOT_COMPLETED
Minichat_104058,android.permission.FOREGROUND_SERVICE
Minichat_104058,mini.video.chat.DYNAMIC_RECEIVER_NOT_EXPORTED_PERMISSION
Monkey_7.41.1,android.permission.INTERNET
Monkey_7.41.1,android.permission.CAMERA
Monkey_7.41.1,android.permission.RECORD_AUDIO
Monkey_7.41.1,android.permission.MODIFY_AUDIO_SETTINGS
Monkey_7.41.1,android.permission.ACCESS_NETWORK_STATE
Monkey_7.41.1,android.permission.VIBRATE
Monkey_7.41.1,android.permission.READ_PROFILE
Monkey_7.41.1,android.permission.ACCESS_WIFI_STATE
Monkey_7.41.1,android.permission.WAKE_LOCK
Monkey_7.41.1,android.permission.READ_PHONE_STATE
Monkey_7.41.1,android.permission.WRITE_EXTERNAL_STORAGE
Monkey_7.41.1,android.permission.READ_EXTERNAL_STORAGE
Monkey_7.41.1,android.permission.ACCESS_FINE_LOCATION
Monkey_7.41.1,android.permission.ACCESS_COARSE_LOCATION
Monkey_7.41.1,android.permission.FLASHLIGHT
Monkey_7.41.1,android.permission.RECORD_VIDEO
Monkey_7.41.1,android.permission.BLUETOOTH
Monkey_7.41.1,com.android.vending.BILLING
Monkey_7.41.1,android.permission.SYSTEM_ALERT_WINDOW
Monkey_7.41.1,android.permission.BLUETOOTH_CONNECT
Monkey_7.41.1,com.google.android.gms.permission.AD_ID
Monkey_7.41.1,android.permission.POST_NOTIFICATIONS
Monkey_7.41.1,android.permission.READ_MEDIA_IMAGES
Monkey_7.41.1,android.permission.READ_MEDIA_VIDEO
Monkey_7.41.1,com.google.android.c2dm.permission.RECEIVE
Monkey_7.41.1,com.google.android.finsky.permission.BIND_GET_INSTALL_REFERRER_SERVICE
Monkey_7.41.1,com.applovin.array.apphub.permission.BIND_APPHUB_SERVICE
Monkey_7.41.1,android.permission.ACCESS_ADSERVICES_ATTRIBUTION
Monkey_7.41.1,android.permission.ACCESS_ADSERVICES_AD_ID
Monkey_7.41.1,com.google.android.providers.gsf.permission.READ_GSERVICES
Monkey_7.41.1,android.permission.RECEIVE_BOOT_COMPLETED
Monkey_7.41.1,android.permission.FOREGROUND_SERVICE
Monkey_7.41.1,cool.monkey.android.DYNAMIC_RECEIVER_NOT_EXPORTED_PERMISSION
Monkey_7.41.1,com.sec.android.provider.badge.permission.READ
Monkey_7.41.1,com.sec.android.provider.badge.permission.WRITE
Monkey_7.41.1,com.htc.launcher.permission.READ_SETTINGS
Monkey_7.41.1,com.htc.launcher.permission.UPDATE_SHORTCUT
Monkey_7.41.1,com.sonyericsson.home.permission.BROADCAST_BADGE
Monkey_7.41.1,com.sonymobile.home.permission.PROVIDER_INSERT_BADGE
Monkey_7.41.1,com.anddoes.launcher.permission.UPDATE_COUNT
Monkey_7.41.1,com.majeur.launcher.permission.UPDATE_BADGE
Monkey_7.41.1,com.huawei.android.launcher.permission.CHANGE_BADGE
Monkey_7.41.1,com.huawei.android.launcher.permission.READ_SETTINGS
Monkey_7.41.1,com.huawei.android.launcher.permission.WRITE_SETTINGS
Monkey_7.41.1,android.permission.READ_APP_BADGE
Monkey_7.41.1,com.oppo.launcher.permission.READ_SETTINGS
Monkey_7.41.1,com.oppo.launcher.permission.WRITE_SETTINGS
Monkey_7.41.1,me.everything.badger.permission.BADGE_COUNT_READ
Monkey_7.41.1,me.everything.badger.permission.BADGE_COUNT_WRITE
Nayo_1.3.4,android.permission.ACCESS_COARSE_LOCATION
Nayo_1.3.4,android.permission.ACCESS_FINE_LOCATION
Nayo_1.3.4,android.permission.VIBRATE
Nayo_1.3.4,android.permission.POST_NOTIFICATIONS
Nayo_1.3.4,android.permission.ACCESS_NETWORK_STATE
Nayo_1.3.4,android.permission.ACCESS_WIFI_STATE
Nayo_1.3.4,android.permission.CHANGE_WIFI_STATE
Nayo_1.3.4,android.permission.INTERNET
Nayo_1.3.4,android.permission.BLUETOOTH_ADMIN
Nayo_1.3.4,android.permission.BLUETOOTH
Nayo_1.3.4,android.permission.ACCESS_LOCATION_EXTRA_COMMANDS
Nayo_1.3.4,android.permission.READ_PHONE_STATE
Nayo_1.3.4,android.permission.WAKE_LOCK
Nayo_1.3.4,android.permission.READ_EXTERNAL_STORAGE
Nayo_1.3.4,android.permission.WRITE_EXTERNAL_STORAGE
Nayo_1.3.4,android.permission.KILL_BACKGROUND_PROCESSES
Nayo_1.3.4,android.permission.RECORD_AUDIO
Nayo_1.3.4,android.permission.CAMERA
Nayo_1.3.4,android.permission.MODIFY_AUDIO_SETTINGS
Nayo_1.3.4,android.permission.MANAGE_ACCOUNTS
Nayo_1.3.4,android.permission.REORDER_TASKS
Nayo_1.3.4,android.permission.READ_MEDIA_IMAGES
Nayo_1.3.4,android.permission.READ_MEDIA_VIDEO
Nayo_1.3.4,com.google.android.gms.permission.AD_ID
Nayo_1.3.4,com.android.providers.media.MediaProvider
Nayo_1.3.4,android.permission.FOREGROUND_SERVICE
Nayo_1.3.4,com.google.android.finsky.permission.BIND_GET_INSTALL_REFERRER_SERVICE
Nayo_1.3.4,com.google.android.c2dm.permission.RECEIVE
Nayo_1.3.4,com.android.vending.BILLING
Nayo_1.3.4,com.thvine.nayo.backtrace.warmed_up
Nayo_1.3.4,com.thvine.nayo.manual.dump
Nayo_1.3.4,com.thvine.nayo.matrix.permission.PROCESS_SUPERVISOR
Nayo_1.3.4,com.thvine.nayo.DYNAMIC_RECEIVER_NOT_EXPORTED_PERMISSION
Nayo_1.3.4,android.permission.WRITE_SETTINGS
Nayo_1.3.4,android.permission.MOUNT_UNMOUNT_FILESYSTEMS
NGL_2.3.91,android.permission.INTERNET
NGL_2.3.91,android.permission.READ_EXTERNAL_STORAGE
NGL_2.3.91,android.permission.WRITE_EXTERNAL_STORAGE
NGL_2.3.91,android.permission.READ_MEDIA_IMAGES
NGL_2.3.91,android.permission.READ_MEDIA_VIDEO
NGL_2.3.91,android.permission.DOWNLOAD_WITHOUT_NOTIFICATION
NGL_2.3.91,com.android.vending.BILLING
NGL_2.3.91,com.android.vending.CHECK_LICENSE
NGL_2.3.91,android.permission.WAKE_LOCK
NGL_2.3.91,android.permission.ACCESS_NETWORK_STATE
NGL_2.3.91,android.permission.ACCESS_WIFI_STATE
NGL_2.3.91,com.google.android.gms.permission.AD_ID
NGL_2.3.91,android.permission.VIBRATE
NGL_2.3.91,android.permission.POST_NOTIFICATIONS
NGL_2.3.91,com.google.android.c2dm.permission.RECEIVE
NGL_2.3.91,android.permission.ACCESS_ADSERVICES_ATTRIBUTION
NGL_2.3.91,android.permission.ACCESS_ADSERVICES_AD_ID
NGL_2.3.91,com.google.android.providers.gsf.permission.READ_GSERVICES
NGL_2.3.91,android.permission.ACCESS_ADSERVICES_CUSTOM_AUDIENCE
NGL_2.3.91,com.google.android.finsky.permission.BIND_GET_INSTALL_REFERRER_SERVICE
NGL_2.3.91,android.permission.RECEIVE_BOOT_COMPLETED
NGL_2.3.91,android.permission.FOREGROUND_SERVICE
NGL_2.3.91,com.nglreactnative.DYNAMIC_RECEIVER_NOT_EXPORTED_PERMISSION
NGL_2.3.91,android.permission.USE_FULL_SCREEN_INTENT
NGL_2.3.91,android.permission.SCHEDULE_EXACT_ALARM
NGL_2.3.91,android.permission.BROADCAST_CLOSE_SYSTEM_DIALOGS
NGL_2.3.91,android.permission.ACCESS_NOTIFICATION_POLICY
OmeTV_605095,android.permission.ACCESS_NETWORK_STATE
OmeTV_605095,com.android.vending.BILLING
OmeTV_605095,android.permission.INTERNET
OmeTV_605095,android.permission.ACCESS_WIFI_STATE
OmeTV_605095,android.permission.CAMERA
OmeTV_605095,android.permission.RECORD_AUDIO
OmeTV_605095,android.permission.READ_PHONE_STATE
OmeTV_605095,android.permission.MODIFY_AUDIO_SETTINGS
OmeTV_605095,android.permission.BLUETOOTH_CONNECT
OmeTV_605095,android.permission.BLUETOOTH_ADMIN
OmeTV_605095,android.permission.BLUETOOTH
OmeTV_605095,android.permission.ACCESS_COARSE_LOCATION
OmeTV_605095,android.permission.POST_NOTIFICATIONS
OmeTV_605095,android.permission.WAKE_LOCK
OmeTV_605095,com.google.android.c2dm.permission.RECEIVE
OmeTV_605095,com.google.android.finsky.permission.BIND_GET_INSTALL_REFERRER_SERVICE
OmeTV_605095,android.permission.RECEIVE_BOOT_COMPLETED
OmeTV_605095,android.permission.FOREGROUND_SERVICE
OmeTV_605095,omegle.tv.DYNAMIC_RECEIVER_NOT_EXPORTED_PERMISSION
OVO_1.8.4,android.permission.POST_NOTIFICATIONS
OVO_1.8.4,android.permission.INTERNET
OVO_1.8.4,android.permission.READ_PRIVILEGED_PHONE_STATE
OVO_1.8.4,android.permission.RECORD_AUDIO
OVO_1.8.4,android.permission.WRITE_EXTERNAL_STORAGE
OVO_1.8.4,android.permission.READ_EXTERNAL_STORAGE
OVO_1.8.4,android.permission.READ_MEDIA_IMAGES
OVO_1.8.4,android.permission.READ_MEDIA_VIDEO
OVO_1.8.4,android.permission.READ_MEDIA_AUDIO
OVO_1.8.4,android.permission.CAMERA
OVO_1.8.4,android.permission.READ_PHONE_STATE
OVO_1.8.4,android.permission.FLASHLIGHT
OVO_1.8.4,android.permission.CHANGE_NETWORK_STATE
OVO_1.8.4,android.permission.WRITE_SETTINGS
OVO_1.8.4,android.permission.GET_TASKS
OVO_1.8.4,android.permission.VIBRATE
OVO_1.8.4,android.permission.FOREGROUND_SERVICE
OVO_1.8.4,app.duomevideochat.duome.permission.RECEIVE_MSG
OVO_1.8.4,android.permission.ACCESS_WIFI_STATE
OVO_1.8.4,android.permission.ACCESS_NETWORK_STATE
OVO_1.8.4,android.permission.CHANGE_WIFI_STATE
OVO_1.8.4,android.permission.SYSTEM_ALERT_WINDOW
OVO_1.8.4,android.permission.BLUETOOTH
OVO_1.8.4,android.permission.MODIFY_AUDIO_SETTINGS
OVO_1.8.4,android.permission.WAKE_LOCK
OVO_1.8.4,com.google.android.gms.permission.AD_ID
OVO_1.8.4,BIND_GET_INSTALL_REFERRER_SERVICE
OVO_1.8.4,com.android.vending.CHECK_LICENSE
OVO_1.8.4,com.google.android.c2dm.permission.RECEIVE
OVO_1.8.4,android.permission.ACCESS_ADSERVICES_ATTRIBUTION
OVO_1.8.4,android.permission.ACCESS_ADSERVICES_AD_ID
OVO_1.8.4,com.android.vending.BILLING
OVO_1.8.4,com.google.android.finsky.permission.BIND_GET_INSTALL_REFERRER_SERVICE
OVO_1.8.4,app.duomevideochat.duome.DYNAMIC_RECEIVER_NOT_EXPORTED_PERMISSION
Pengu_1.9.7(1),android.permission.INTERNET
Pengu_1.9.7(1),android.permission.READ_CONTACTS
Pengu_1.9.7(1),android.permission.CAMERA
Pengu_1.9.7(1),android.permission.RECORD_AUDIO
Pengu_1.9.7(1),com.android.vending.BILLING
Pengu_1.9.7(1),com.google.android.gms.permission.AD_ID
Pengu_1.9.7(1),android.permission.ACCESS_NETWORK_STATE
Pengu_1.9.7(1),android.permission.READ_MEDIA_VIDEO
Pengu_1.9.7(1),android.permission.READ_EXTERNAL_STORAGE
Pengu_1.9.7(1),android.permission.RECEIVE_BOOT_COMPLETED
Pengu_1.9.7(1),android.permission.ACCESS_WIFI_STATE
Pengu_1.9.7(1),android.permission.WAKE_LOCK
Pengu_1.9.7(1),android.permission.VIBRATE
Pengu_1.9.7(1),android.permission.WRITE_EXTERNAL_STORAGE
Pengu_1.9.7(1),com.android.vending.CHECK_LICENSE
Pengu_1.9.7(1),android.permission.READ_MEDIA_IMAGES
Pengu_1.9.7(1),android.permission.DETECT_SCREEN_CAPTURE
Pengu_1.9.7(1),android.permission.ACCESS_ADSERVICES_TOPICS
Pengu_1.9.7(1),android.permission.ACCESS_ADSERVICES_ATTRIBUTION
Pengu_1.9.7(1),com.slay.pengu.permission.C2D_MESSAGE
Pengu_1.9.7(1),android.permission.POST_NOTIFICATIONS
Pengu_1.9.7(1),com.google.android.c2dm.permission.RECEIVE
Pengu_1.9.7(1),com.sec.android.provider.badge.permission.READ
Pengu_1.9.7(1),com.sec.android.provider.badge.permission.WRITE
Pengu_1.9.7(1),com.htc.launcher.permission.READ_SETTINGS
Pengu_1.9.7(1),com.htc.launcher.permission.UPDATE_SHORTCUT
Pengu_1.9.7(1),com.sonyericsson.home.permission.BROADCAST_BADGE
Pengu_1.9.7(1),com.sonymobile.home.permission.PROVIDER_INSERT_BADGE
Pengu_1.9.7(1),com.anddoes.launcher.permission.UPDATE_COUNT
Pengu_1.9.7(1),com.majeur.launcher.permission.UPDATE_BADGE
Pengu_1.9.7(1),com.huawei.android.launcher.permission.CHANGE_BADGE
Pengu_1.9.7(1),com.huawei.android.launcher.permission.READ_SETTINGS
Pengu_1.9.7(1),com.huawei.android.launcher.permission.WRITE_SETTINGS
Pengu_1.9.7(1),android.permission.READ_APP_BADGE
Pengu_1.9.7(1),com.oppo.launcher.permission.READ_SETTINGS
Pengu_1.9.7(1),com.oppo.launcher.permission.WRITE_SETTINGS
Pengu_1.9.7(1),me.everything.badger.permission.BADGE_COUNT_READ
Pengu_1.9.7(1),me.everything.badger.permission.BADGE_COUNT_WRITE
Pengu_1.9.7(1),com.applovin.array.apphub.permission.BIND_APPHUB_SERVICE
Pengu_1.9.7(1),android.permission.ACCESS_ADSERVICES_AD_ID
Pengu_1.9.7(1),com.google.android.finsky.permission.BIND_GET_INSTALL_REFERRER_SERVICE
Pengu_1.9.7(1),com.google.android.providers.gsf.permission.READ_GSERVICES
Pengu_1.9.7(1),android.permission.FOREGROUND_SERVICE
Pengu_1.9.7(1),com.slay.pengu.DYNAMIC_RECEIVER_NOT_EXPORTED_PERMISSION
Pengu_1.9.7(1),com.samsung.android.mapsagent.permission.READ_APP_INFO
Pengu_1.9.7(1),com.huawei.appmarket.service.commondata.permission.GET_COMMON_DATA
Pi-Network_1.39.0,android.permission.INTERNET
Pi-Network_1.39.0,android.permission.READ_CONTACTS
Pi-Network_1.39.0,android.permission.ACCESS_NETWORK_STATE
Pi-Network_1.39.0,android.permission.ACCESS_WIFI_STATE
Pi-Network_1.39.0,com.google.android.gms.permission.AD_ID
Pi-Network_1.39.0,android.permission.CAMERA
Pi-Network_1.39.0,android.permission.WAKE_LOCK
Pi-Network_1.39.0,android.permission.USE_BIOMETRIC
Pi-Network_1.39.0,android.permission.USE_FINGERPRINT
Pi-Network_1.39.0,android.permission.ACCESS_ADSERVICES_TOPICS
Pi-Network_1.39.0,android.permission.ACCESS_ADSERVICES_ATTRIBUTION
Pi-Network_1.39.0,com.blockchainvault.permission.C2D_MESSAGE
Pi-Network_1.39.0,android.permission.POST_NOTIFICATIONS
Pi-Network_1.39.0,com.google.android.c2dm.permission.RECEIVE
Pi-Network_1.39.0,android.permission.VIBRATE
Pi-Network_1.39.0,android.permission.RECEIVE_BOOT_COMPLETED
Pi-Network_1.39.0,com.sec.android.provider.badge.permission.READ
Pi-Network_1.39.0,com.sec.android.provider.badge.permission.WRITE
Pi-Network_1.39.0,com.htc.launcher.permission.READ_SETTINGS
Pi-Network_1.39.0,com.htc.launcher.permission.UPDATE_SHORTCUT
Pi-Network_1.39.0,com.sonyericsson.home.permission.BROADCAST_BADGE
Pi-Network_1.39.0,com.sonymobile.home.permission.PROVIDER_INSERT_BADGE
Pi-Network_1.39.0,com.anddoes.launcher.permission.UPDATE_COUNT
Pi-Network_1.39.0,com.majeur.launcher.permission.UPDATE_BADGE
Pi-Network_1.39.0,com.huawei.android.launcher.permission.CHANGE_BADGE
Pi-Network_1.39.0,com.huawei.android.launcher.permission.READ_SETTINGS
Pi-Network_1.39.0,com.huawei.android.launcher.permission.WRITE_SETTINGS
Pi-Network_1.39.0,android.permission.READ_APP_BADGE
Pi-Network_1.39.0,com.oppo.launcher.permission.READ_SETTINGS
Pi-Network_1.39.0,com.oppo.launcher.permission.WRITE_SETTINGS
Pi-Network_1.39.0,me.everything.badger.permission.BADGE_COUNT_READ
Pi-Network_1.39.0,me.everything.badger.permission.BADGE_COUNT_WRITE
Pi-Network_1.39.0,android.permission.FOREGROUND_SERVICE
Pi-Network_1.39.0,com.applovin.array.apphub.permission.BIND_APPHUB_SERVICE
Pi-Network_1.39.0,com.google.android.finsky.permission.BIND_GET_INSTALL_REFERRER_SERVICE
Pi-Network_1.39.0,android.permission.ACCESS_ADSERVICES_AD_ID
Pi-Network_1.39.0,com.blockchainvault.DYNAMIC_RECEIVER_NOT_EXPORTED_PERMISSION
Reddit_2025.07.2,android.permission.ACCESS_NETWORK_STATE
Reddit_2025.07.2,android.permission.INTERNET
Reddit_2025.07.2,android.permission.READ_MEDIA_VISUAL_USER_SELECTED
Reddit_2025.07.2,android.permission.READ_MEDIA_IMAGES
Reddit_2025.07.2,android.permission.READ_MEDIA_VIDEO
Reddit_2025.07.2,android.permission.READ_MEDIA_AUDIO
Reddit_2025.07.2,android.permission.READ_EXTERNAL_STORAGE
Reddit_2025.07.2,android.permission.ACCESS_WIFI_STATE
Reddit_2025.07.2,com.google.android.gms.permission.AD_ID
Reddit_2025.07.2,android.permission.POST_NOTIFICATIONS
Reddit_2025.07.2,android.permission.WRITE_EXTERNAL_STORAGE
Reddit_2025.07.2,android.permission.READ_SYNC_SETTINGS
Reddit_2025.07.2,android.permission.WRITE_SYNC_SETTINGS
Reddit_2025.07.2,android.permission.WAKE_LOCK
Reddit_2025.07.2,android.permission.ACCESS_COARSE_LOCATION
Reddit_2025.07.2,com.android.launcher.permission.INSTALL_SHORTCUT
Reddit_2025.07.2,android.permission.VIBRATE
Reddit_2025.07.2,android.permission.PACKAGE_USAGE_STATS
Reddit_2025.07.2,android.permission.CAMERA
Reddit_2025.07.2,android.permission.RECORD_AUDIO
Reddit_2025.07.2,android.permission.MODIFY_AUDIO_SETTINGS
Reddit_2025.07.2,android.permission.DETECT_SCREEN_CAPTURE
Reddit_2025.07.2,android.permission.USE_BIOMETRIC
Reddit_2025.07.2,android.permission.USE_FINGERPRINT
Reddit_2025.07.2,android.permission.FLASHLIGHT
Reddit_2025.07.2,com.android.vending.BILLING
Reddit_2025.07.2,com.google.android.c2dm.permission.RECEIVE
Reddit_2025.07.2,com.google.android.finsky.permission.BIND_GET_INSTALL_REFERRER_SERVICE
Reddit_2025.07.2,android.permission.ACCESS_ADSERVICES_ATTRIBUTION
Reddit_2025.07.2,android.permission.ACCESS_ADSERVICES_AD_ID
Reddit_2025.07.2,com.google.android.providers.gsf.permission.READ_GSERVICES
Reddit_2025.07.2,android.permission.RECEIVE_BOOT_COMPLETED
Reddit_2025.07.2,android.permission.FOREGROUND_SERVICE
Reddit_2025.07.2,com.reddit.frontpage.DYNAMIC_RECEIVER_NOT_EXPORTED_PERMISSION
Reddit_2025.07.2,com.sec.android.provider.badge.permission.READ
Reddit_2025.07.2,com.sec.android.provider.badge.permission.WRITE
Reddit_2025.07.2,com.htc.launcher.permission.READ_SETTINGS
Reddit_2025.07.2,com.htc.launcher.permission.UPDATE_SHORTCUT
Reddit_2025.07.2,com.sonyericsson.home.permission.BROADCAST_BADGE
Reddit_2025.07.2,com.sonymobile.home.permission.PROVIDER_INSERT_BADGE
Reddit_2025.07.2,com.anddoes.launcher.permission.UPDATE_COUNT
Reddit_2025.07.2,com.majeur.launcher.permission.UPDATE_BADGE
Reddit_2025.07.2,com.huawei.android.launcher.permission.CHANGE_BADGE
Reddit_2025.07.2,com.huawei.android.launcher.permission.READ_SETTINGS
Reddit_2025.07.2,com.huawei.android.launcher.permission.WRITE_SETTINGS
Reddit_2025.07.2,android.permission.READ_APP_BADGE
Reddit_2025.07.2,com.oppo.launcher.permission.READ_SETTINGS
Reddit_2025.07.2,com.oppo.launcher.permission.WRITE_SETTINGS
Reddit_2025.07.2,me.everything.badger.permission.BADGE_COUNT_READ
Reddit_2025.07.2,me.everything.badger.permission.BADGE_COUNT_WRITE
rednote_8.59.5,android.permission.INTERNET
rednote_8.59.5,android.permission.ACCESS_WIFI_STATE
rednote_8.59.5,android.permission.ACCESS_NETWORK_STATE
rednote_8.59.5,android.permission.RECEIVE_USER_PRESENT
rednote_8.59.5,android.permission.MODIFY_AUDIO_SETTINGS
rednote_8.59.5,com.android.launcher.permission.INSTALL_SHORTCUT
rednote_8.59.5,com.android.launcher.permission.READ_SETTINGS
rednote_8.59.5,android.permission.WRITE_EXTERNAL_STORAGE
rednote_8.59.5,android.permission.READ_EXTERNAL_STORAGE
rednote_8.59.5,android.permission.READ_PHONE_STATE
rednote_8.59.5,android.permission.CAMERA
rednote_8.59.5,android.permission.ACCESS_FINE_LOCATION
rednote_8.59.5,android.permission.ACCESS_COARSE_LOCATION
rednote_8.59.5,android.permission.RECORD_AUDIO
rednote_8.59.5,android.permission.READ_CONTACTS
rednote_8.59.5,android.permission.FOREGROUND_SERVICE
rednote_8.59.5,android.permission.POST_NOTIFICATIONS
rednote_8.59.5,com.google.android.gms.permission.AD_ID
rednote_8.59.5,cn.org.ifaa.permission.USE_IFAA_MANAGER
rednote_8.59.5,android.permission.VIBRATE
rednote_8.59.5,com.miui.home.launcher.permission.INSTALL_WIDGET
rednote_8.59.5,android.permission.CHANGE_NETWORK_STATE
rednote_8.59.5,android.permission.SCHEDULE_EXACT_ALARM
rednote_8.59.5,com.xingin.xhs.permission.MIPUSH_RECEIVE
rednote_8.59.5,com.vivo.notification.permission.BADGE_ICON
rednote_8.59.5,com.meizu.flyme.push.permission.RECEIVE
rednote_8.59.5,com.xingin.xhs.push.permission.MESSAGE
rednote_8.59.5,com.meizu.c2dm.permission.RECEIVE
rednote_8.59.5,com.xingin.xhs.permission.C2D_MESSAGE
rednote_8.59.5,com.coloros.mcs.permission.RECIEVE_MCS_MESSAGE
rednote_8.59.5,com.xingin.xhs.permission.JPUSH_MESSAGE
rednote_8.59.5,android.permission.WRITE_SETTINGS
rednote_8.59.5,com.xingin.xhs.permission.JOPERATE_MESSAGE
rednote_8.59.5,android.permission.EXPAND_STATUS_BAR
rednote_8.59.5,android.permission.AUTHENTICATE_ACCOUNTS
rednote_8.59.5,android.permission.MANAGE_ACCOUNTS
rednote_8.59.5,android.permission.GET_ACCOUNTS
rednote_8.59.5,android.permission.RECEIVE_BOOT_COMPLETED
rednote_8.59.5,android.permission.USE_CREDENTIALS
rednote_8.59.5,android.permission.READ_SYNC_SETTINGS
rednote_8.59.5,android.permission.WRITE_SYNC_SETTINGS
rednote_8.59.5,android.permission.FOREGROUND_SERVICE_DATA_SYNC
rednote_8.59.5,android.permission.FLASHLIGHT
rednote_8.59.5,android.permission.WAKE_LOCK
rednote_8.59.5,android.permission.ACCESS_MEDIA_LOCATION
rednote_8.59.5,android.permission.READ_MEDIA_IMAGES
rednote_8.59.5,android.permission.READ_MEDIA_AUDIO
rednote_8.59.5,android.permission.READ_MEDIA_VIDEO
rednote_8.59.5,android.permission.READ_CALENDAR
rednote_8.59.5,android.permission.WRITE_CALENDAR
rednote_8.59.5,android.permission.SYSTEM_ALERT_WINDOW
rednote_8.59.5,android.permission.REQUEST_IGNORE_BATTERY_OPTIMIZATIONS
rednote_8.59.5,android.permission.BLUETOOTH_CONNECT
rednote_8.59.5,android.permission.MANAGE_MEDIA_PROJECTION
rednote_8.59.5,android.permission.FOREGROUND_SERVICE_MEDIA_PLAYBACK
rednote_8.59.5,ohos.permission.ACCESS_SEARCH_SERVICE
rednote_8.59.5,com.huawei.appmarket.service.commondata.permission.GET_COMMON_DATA
rednote_8.59.5,com.google.android.c2dm.permission.RECEIVE
rednote_8.59.5,getui.permission.GetuiService.com.xingin.xhs
rednote_8.59.5,android.permission.CHANGE_WIFI_STATE
rednote_8.59.5,com.asus.msa.SupplementaryDID.ACCESS
rednote_8.59.5,freemme.permission.msa
rednote_8.59.5,com.xiaomi.security.permission.ACCESS_XSOF
rednote_8.59.5,com.hihonor.security.permission.ACCESS_THREAT_DETECTION
rednote_8.59.5,com.google.android.finsky.permission.BIND_GET_INSTALL_REFERRER_SERVICE
rednote_8.59.5,android.permission.WRITE_CLIPBOARD_SERVICE
rednote_8.59.5,com.android.vending.BILLING
rednote_8.59.5,freemme.permission.msa.SECURITY_ACCESS
rednote_8.59.5,oplus.permission.settings.LAUNCH_FOR_EXPORT
rednote_8.59.5,com.vivo.identifier.permission.OAID_STATE_DIALOG
rednote_8.59.5,android.permission.BLUETOOTH
rednote_8.59.5,android.permission.BLUETOOTH_ADMIN
rednote_8.59.5,android.permission.ACCESS_ADSERVICES_ATTRIBUTION
rednote_8.59.5,com.samsung.android.mapsagent.permission.READ_APP_INFO
rednote_8.59.5,com.xiaomi.dist.permission.ACCESS_APP_HANDOFF
rednote_8.59.5,com.xiaomi.dist.permission.ACCESS_APP_META
rednote_8.59.5,com.oplus.permission.safe.AI_APP
rednote_8.59.5,com.oplus.metis.factdata.permission.DATABASE
Skool_1.0.15,android.permission.GET_CLIPS
Skool_1.0.15,android.permission.ACCESS_NETWORK_STATE
Skool_1.0.15,android.permission.READ_EXTERNAL_STORAGE
Skool_1.0.15,android.permission.READ_MEDIA_IMAGES
Skool_1.0.15,android.permission.READ_MEDIA_VIDEO
Skool_1.0.15,android.permission.INTERNET
Skool_1.0.15,android.permission.POST_NOTIFICATIONS
Skool_1.0.15,android.permission.VIBRATE
Skool_1.0.15,android.permission.WRITE_CLIPS
Skool_1.0.15,android.permission.WRITE_EXTERNAL_STORAGE
Skool_1.0.15,android.permission.RECORD_AUDIO
Skool_1.0.15,android.permission.MODIFY_AUDIO_SETTINGS
Skool_1.0.15,android.permission.WAKE_LOCK
Skool_1.0.15,com.google.android.c2dm.permission.RECEIVE
Skool_1.0.15,com.google.android.gms.permission.AD_ID
Skool_1.0.15,com.google.android.finsky.permission.BIND_GET_INSTALL_REFERRER_SERVICE
Slootopia_1.0.2,android.permission.INTERNET
Slootopia_1.0.2,android.permission.ACCESS_NETWORK_STATE
Slootopia_1.0.2,android.permission.ACCESS_ADSERVICES_ATTRIBUTION
Slootopia_1.0.2,com.google.android.gms.permission.AD_ID
Slootopia_1.0.2,com.huawei.appmarket.service.commondata.permission.GET_COMMON_DATA
Slootopia_1.0.2,android.permission.READ_EXTERNAL_STORAGE
Slootopia_1.0.2,android.permission.WRITE_EXTERNAL_STORAGE
Slootopia_1.0.2,android.permission.ACCESS_FINE_LOCATION
Slootopia_1.0.2,android.permission.ACCESS_COARSE_LOCATION
Slootopia_1.0.2,com.slootopia.win.permission.C2D_MESSAGE
Slootopia_1.0.2,android.permission.POST_NOTIFICATIONS
Slootopia_1.0.2,android.permission.WAKE_LOCK
Slootopia_1.0.2,com.google.android.c2dm.permission.RECEIVE
Slootopia_1.0.2,android.permission.VIBRATE
Slootopia_1.0.2,android.permission.RECEIVE_BOOT_COMPLETED
Slootopia_1.0.2,com.sec.android.provider.badge.permission.READ
Slootopia_1.0.2,com.sec.android.provider.badge.permission.WRITE
Slootopia_1.0.2,com.htc.launcher.permission.READ_SETTINGS
Slootopia_1.0.2,com.htc.launcher.permission.UPDATE_SHORTCUT
Slootopia_1.0.2,com.sonyericsson.home.permission.BROADCAST_BADGE
Slootopia_1.0.2,com.sonymobile.home.permission.PROVIDER_INSERT_BADGE
Slootopia_1.0.2,com.anddoes.launcher.permission.UPDATE_COUNT
Slootopia_1.0.2,com.majeur.launcher.permission.UPDATE_BADGE
Slootopia_1.0.2,com.huawei.android.launcher.permission.CHANGE_BADGE
Slootopia_1.0.2,com.huawei.android.launcher.permission.READ_SETTINGS
Slootopia_1.0.2,com.huawei.android.launcher.permission.WRITE_SETTINGS
Slootopia_1.0.2,android.permission.READ_APP_BADGE
Slootopia_1.0.2,com.oppo.launcher.permission.READ_SETTINGS
Slootopia_1.0.2,com.oppo.launcher.permission.WRITE_SETTINGS
Slootopia_1.0.2,me.everything.badger.permission.BADGE_COUNT_READ
Slootopia_1.0.2,me.everything.badger.permission.BADGE_COUNT_WRITE
Slootopia_1.0.2,android.permission.FOREGROUND_SERVICE
Slootopia_1.0.2,com.android.vending.CHECK_LICENSE
SuperLive_1.63.2,android.permission.READ_PHONE_STATE
SuperLive_1.63.2,android.permission.INTERNET
SuperLive_1.63.2,android.permission.RECORD_AUDIO
SuperLive_1.63.2,android.permission.CAMERA
SuperLive_1.63.2,android.permission.MODIFY_AUDIO_SETTINGS
SuperLive_1.63.2,android.permission.ACCESS_NETWORK_STATE
SuperLive_1.63.2,android.permission.BLUETOOTH
SuperLive_1.63.2,android.permission.BLUETOOTH_CONNECT
SuperLive_1.63.2,android.permission.ACCESS_WIFI_STATE
SuperLive_1.63.2,android.permission.READ_MEDIA_IMAGES
SuperLive_1.63.2,android.permission.READ_MEDIA_AUDIO
SuperLive_1.63.2,android.permission.READ_MEDIA_VIDEO
SuperLive_1.63.2,android.permission.READ_EXTERNAL_STORAGE
SuperLive_1.63.2,android.permission.WRITE_EXTERNAL_STORAGE
SuperLive_1.63.2,android.permission.WAKE_LOCK
SuperLive_1.63.2,android.permission.READ_PRIVILEGED_PHONE_STATE
SuperLive_1.63.2,android.permission.POST_NOTIFICATIONS
SuperLive_1.63.2,android.permission.ACCESS_COARSE_LOCATION
SuperLive_1.63.2,android.permission.ACCESS_FINE_LOCATION
SuperLive_1.63.2,com.google.android.c2dm.permission.RECEIVE
SuperLive_1.63.2,com.google.android.gms.permission.AD_ID
SuperLive_1.63.2,android.permission.ACCESS_ADSERVICES_ATTRIBUTION
SuperLive_1.63.2,android.permission.ACCESS_ADSERVICES_AD_ID
SuperLive_1.63.2,android.permission.RECEIVE_BOOT_COMPLETED
SuperLive_1.63.2,android.permission.FOREGROUND_SERVICE
SuperLive_1.63.2,com.android.vending.BILLING
SuperLive_1.63.2,com.google.android.finsky.permission.BIND_GET_INSTALL_REFERRER_SERVICE
SuperLive_1.63.2,com.google.android.providers.gsf.permission.READ_GSERVICES
SuperLive_1.63.2,com.superlive.liveapp.DYNAMIC_RECEIVER_NOT_EXPORTED_PERMISSION
SuperLive_1.63.2,com.sec.android.provider.badge.permission.READ
SuperLive_1.63.2,com.sec.android.provider.badge.permission.WRITE
SuperLive_1.63.2,com.htc.launcher.permission.READ_SETTINGS
SuperLive_1.63.2,com.htc.launcher.permission.UPDATE_SHORTCUT
SuperLive_1.63.2,com.sonyericsson.home.permission.BROADCAST_BADGE
SuperLive_1.63.2,com.sonymobile.home.permission.PROVIDER_INSERT_BADGE
SuperLive_1.63.2,com.anddoes.launcher.permission.UPDATE_COUNT
SuperLive_1.63.2,com.majeur.launcher.permission.UPDATE_BADGE
SuperLive_1.63.2,com.huawei.android.launcher.permission.CHANGE_BADGE
SuperLive_1.63.2,com.huawei.android.launcher.permission.READ_SETTINGS
SuperLive_1.63.2,com.huawei.android.launcher.permission.WRITE_SETTINGS
SuperLive_1.63.2,android.permission.READ_APP_BADGE
SuperLive_1.63.2,com.oppo.launcher.permission.READ_SETTINGS
SuperLive_1.63.2,com.oppo.launcher.permission.WRITE_SETTINGS
SuperLive_1.63.2,me.everything.badger.permission.BADGE_COUNT_READ
SuperLive_1.63.2,me.everything.badger.permission.BADGE_COUNT_WRITE
Tactical-Syndicate_1.0.1,android.permission.INTERNET
Tactical-Syndicate_1.0.1,android.permission.WRITE_EXTERNAL_STORAGE
Tactical-Syndicate_1.0.1,android.permission.ACCESS_NETWORK_STATE
Tactical-Syndicate_1.0.1,android.permission.ACCESS_WIFI_STATE
Tactical-Syndicate_1.0.1,android.permission.CHANGE_NETWORK_STATE
Tactical-Syndicate_1.0.1,android.permission.VIBRATE
Tactical-Syndicate_1.0.1,android.permission.CAMERA
Tactical-Syndicate_1.0.1,android.permission.GET_ACCOUNTS
Tactical-Syndicate_1.0.1,android.permission.WAKE_LOCK
Tactical-Syndicate_1.0.1,android.permission.FLASHLIGHT
Tactical-Syndicate_1.0.1,android.permission.WRITE_SETTINGS
Tactical-Syndicate_1.0.1,android.permission.ACCESS_FINE_LOCATION
Tactical-Syndicate_1.0.1,android.permission.ACCESS_COARSE_LOCATION
Tactical-Syndicate_1.0.1,android.permission.CAMERA
Tactical-Syndicate_1.0.1,android.permission.READ_PHONE_STATE
Tactical-Syndicate_1.0.1,android.permission.READ_EXTERNAL_STORAGE
Tactical-Syndicate_1.0.1,android.permission.READ_MEDIA_IMAGES
Tactical-Syndicate_1.0.1,android.permission.READ_MEDIA_VISUAL_USER_SELECTED
Tactical-Syndicate_1.0.1,com.huawei.android.launcher.permission.CHANGE_BADGE
Tactical-Syndicate_1.0.1,com.vivo.notification.permission.BADGE_ICON
Tactical-Syndicate_1.0.1,com.google.android.gms.permission.AD_ID
Tactical-Syndicate_1.0.1,android.permission.ACCESS_ADSERVICES_ATTRIBUTION
Tactical-Syndicate_1.0.1,com.huawei.appmarket.service.commondata.permission.GET_COMMON_DATA
Tagged_9.87.0,android.permission.READ_PHONE_STATE
Tagged_9.87.0,android.permission.USE_CREDENTIALS
Tagged_9.87.0,android.permission.AUTHENTICATE_ACCOUNTS
Tagged_9.87.0,android.permission.MANAGE_ACCOUNTS
Tagged_9.87.0,android.permission.READ_CONTACTS
Tagged_9.87.0,android.permission.GET_TASKS
Tagged_9.87.0,com.google.android.providers.gsf.permission.READ_GSERVICES
Tagged_9.87.0,android.permission.READ_SYNC_SETTINGS
Tagged_9.87.0,android.permission.WRITE_SYNC_SETTINGS
Tagged_9.87.0,android.permission.READ_SYNC_STATS
Tagged_9.87.0,android.permission.MODIFY_AUDIO_SETTINGS
Tagged_9.87.0,android.permission.FOREGROUND_SERVICE
Tagged_9.87.0,android.permission.VIBRATE
Tagged_9.87.0,android.permission.INTERNET
Tagged_9.87.0,android.permission.ACCESS_NETWORK_STATE
Tagged_9.87.0,android.permission.ACCESS_WIFI_STATE
Tagged_9.87.0,android.permission.READ_EXTERNAL_STORAGE
Tagged_9.87.0,android.permission.WRITE_EXTERNAL_STORAGE
Tagged_9.87.0,android.permission.READ_MEDIA_IMAGES
Tagged_9.87.0,android.permission.POST_NOTIFICATIONS
Tagged_9.87.0,android.permission.ACCESS_FINE_LOCATION
Tagged_9.87.0,android.permission.ACCESS_COARSE_LOCATION
Tagged_9.87.0,android.permission.GET_ACCOUNTS
Tagged_9.87.0,android.permission.RECORD_AUDIO
Tagged_9.87.0,android.permission.CAMERA
Tagged_9.87.0,android.permission.FOREGROUND_SERVICE_DATA_SYNC
Tagged_9.87.0,android.permission.RECEIVE_BOOT_COMPLETED
Tagged_9.87.0,android.permission.PACKAGE_USAGE_STATS
Tagged_9.87.0,com.google.android.gms.permission.AD_ID
Tagged_9.87.0,android.permission.WAKE_LOCK
Tagged_9.87.0,com.google.android.finsky.permission.BIND_GET_INSTALL_REFERRER_SERVICE
Tagged_9.87.0,com.google.android.c2dm.permission.RECEIVE
Tagged_9.87.0,android.permission.ACCESS_ADSERVICES_ATTRIBUTION
Tagged_9.87.0,android.permission.ACCESS_ADSERVICES_AD_ID
Tagged_9.87.0,android.permission.AD_SERVICES_CONFIG
Tagged_9.87.0,android.permission.DOWNLOAD_WITHOUT_NOTIFICATION
Tagged_9.87.0,com.android.vending.BILLING
Tagged_9.87.0,com.applovin.array.apphub.permission.BIND_APPHUB_SERVICE
Tagged_9.87.0,android.permission.ACCESS_ADSERVICES_TOPICS
Tagged_9.87.0,com.taggedapp.DYNAMIC_RECEIVER_NOT_EXPORTED_PERMISSION
Taimi_5.1.343,android.permission.INTERNET
Taimi_5.1.343,android.permission.SYSTEM_ALERT_WINDOW
Taimi_5.1.343,android.permission.CAMERA
Taimi_5.1.343,android.permission.DOWNLOAD_WITHOUT_NOTIFICATION
Taimi_5.1.343,android.permission.ACCESS_COARSE_LOCATION
Taimi_5.1.343,android.permission.ACCESS_WIFI_STATE
Taimi_5.1.343,android.permission.RECEIVE_BOOT_COMPLETED
Taimi_5.1.343,android.permission.VIBRATE
Taimi_5.1.343,com.android.vending.BILLING
Taimi_5.1.343,android.permission.RECORD_AUDIO
Taimi_5.1.343,android.permission.MODIFY_AUDIO_SETTINGS
Taimi_5.1.343,android.permission.ACCESS_NETWORK_STATE
Taimi_5.1.343,android.permission.WAKE_LOCK
Taimi_5.1.343,android.permission.POST_NOTIFICATIONS
Taimi_5.1.343,com.google.android.gms.permission.AD_ID
Taimi_5.1.343,android.permission.READ_MEDIA_IMAGES
Taimi_5.1.343,android.permission.READ_MEDIA_VIDEO
Taimi_5.1.343,android.permission.READ_EXTERNAL_STORAGE
Taimi_5.1.343,android.permission.WRITE_EXTERNAL_STORAGE
Taimi_5.1.343,android.permission.READ_PHONE_STATE
Taimi_5.1.343,android.permission.BLUETOOTH
Taimi_5.1.343,android.permission.USE_FINGERPRINT
Taimi_5.1.343,android.permission.USE_BIOMETRIC
Taimi_5.1.343,com.fingerprints.service.ACCESS_FINGERPRINT_MANAGER
Taimi_5.1.343,com.samsung.android.providers.context.permission.WRITE_USE_APP_FEATURE_SURVEY
Taimi_5.1.343,com.android.vending.CHECK_LICENSE
Taimi_5.1.343,android.permission.FOREGROUND_SERVICE
Taimi_5.1.343,com.google.android.c2dm.permission.RECEIVE
Taimi_5.1.343,android.permission.ACCESS_ADSERVICES_ATTRIBUTION
Taimi_5.1.343,android.permission.ACCESS_ADSERVICES_AD_ID
Taimi_5.1.343,com.google.android.finsky.permission.BIND_GET_INSTALL_REFERRER_SERVICE
Taimi_5.1.343,com.takimi.android.DYNAMIC_RECEIVER_NOT_EXPORTED_PERMISSION
Taimi_5.1.343,com.sec.android.provider.badge.permission.READ
Taimi_5.1.343,com.sec.android.provider.badge.permission.WRITE
Taimi_5.1.343,com.htc.launcher.permission.READ_SETTINGS
Taimi_5.1.343,com.htc.launcher.permission.UPDATE_SHORTCUT
Taimi_5.1.343,com.sonyericsson.home.permission.BROADCAST_BADGE
Taimi_5.1.343,com.sonymobile.home.permission.PROVIDER_INSERT_BADGE
Taimi_5.1.343,com.anddoes.launcher.permission.UPDATE_COUNT
Taimi_5.1.343,com.majeur.launcher.permission.UPDATE_BADGE
Taimi_5.1.343,com.huawei.android.launcher.permission.CHANGE_BADGE
Taimi_5.1.343,com.huawei.android.launcher.permission.READ_SETTINGS
Taimi_5.1.343,com.huawei.android.launcher.permission.WRITE_SETTINGS
Taimi_5.1.343,android.permission.READ_APP_BADGE
Taimi_5.1.343,com.oppo.launcher.permission.READ_SETTINGS
Taimi_5.1.343,com.oppo.launcher.permission.WRITE_SETTINGS
Taimi_5.1.343,me.everything.badger.permission.BADGE_COUNT_READ
Taimi_5.1.343,me.everything.badger.permission.BADGE_COUNT_WRITE
Tango_8.86.1738597780,android.permission.ACCESS_NETWORK_STATE
Tango_8.86.1738597780,com.google.android.c2dm.permission.RECEIVE
Tango_8.86.1738597780,android.permission.POST_NOTIFICATIONS
Tango_8.86.1738597780,android.permission.FOREGROUND_SERVICE
Tango_8.86.1738597780,android.permission.INTERNET
Tango_8.86.1738597780,android.permission.WRITE_EXTERNAL_STORAGE
Tango_8.86.1738597780,android.permission.READ_EXTERNAL_STORAGE
Tango_8.86.1738597780,android.permission.READ_MEDIA_IMAGES
Tango_8.86.1738597780,android.permission.READ_MEDIA_VIDEO
Tango_8.86.1738597780,android.permission.READ_MEDIA_VISUAL_USER_SELECTED
Tango_8.86.1738597780,android.permission.READ_LOGS
Tango_8.86.1738597780,android.permission.RECORD_AUDIO
Tango_8.86.1738597780,android.permission.CAMERA
Tango_8.86.1738597780,android.permission.MODIFY_AUDIO_SETTINGS
Tango_8.86.1738597780,android.permission.READ_PHONE_STATE
Tango_8.86.1738597780,android.permission.ACCESS_WIFI_STATE
Tango_8.86.1738597780,android.permission.RECEIVE_BOOT_COMPLETED
Tango_8.86.1738597780,android.permission.WAKE_LOCK
Tango_8.86.1738597780,android.permission.DISABLE_KEYGUARD
Tango_8.86.1738597780,android.permission.VIBRATE
Tango_8.86.1738597780,android.permission.CHANGE_WIFI_STATE
Tango_8.86.1738597780,android.permission.CHANGE_NETWORK_STATE
Tango_8.86.1738597780,android.permission.BROADCAST_STICKY
Tango_8.86.1738597780,com.android.launcher.permission.INSTALL_SHORTCUT
Tango_8.86.1738597780,com.sec.android.provider.badge.permission.READ
Tango_8.86.1738597780,com.sec.android.provider.badge.permission.WRITE
Tango_8.86.1738597780,com.google.android.providers.gsf.permission.READ_GSERVICES
Tango_8.86.1738597780,android.permission.BLUETOOTH
Tango_8.86.1738597780,com.android.vending.BILLING
Tango_8.86.1738597780,com.sonyericsson.home.permission.BROADCAST_BADGE
Tango_8.86.1738597780,android.permission.SYSTEM_ALERT_WINDOW
Tango_8.86.1738597780,android.permission.DOWNLOAD_WITHOUT_NOTIFICATION
Tango_8.86.1738597780,android.permission.BLUETOOTH_CONNECT
Tango_8.86.1738597780,android.permission.ACCESS_MEDIA_LOCATION
Tango_8.86.1738597780,com.google.android.gms.permission.AD_ID
Tango_8.86.1738597780,android.permission.MANAGE_OWN_CALLS
Tango_8.86.1738597780,android.permission.FOREGROUND_SERVICE_DATA_SYNC
Tango_8.86.1738597780,android.permission.USE_FULL_SCREEN_INTENT
Tango_8.86.1738597780,android.permission.FOREGROUND_SERVICE_PHONE_CALL
Tango_8.86.1738597780,android.permission.FOREGROUND_SERVICE_MICROPHONE
Tango_8.86.1738597780,android.permission.ACCESS_ADSERVICES_ATTRIBUTION
Tango_8.86.1738597780,android.permission.ACCESS_ADSERVICES_AD_ID
Tango_8.86.1738597780,android.permission.READ_MEDIA_AUDIO
Tango_8.86.1738597780,android.permission.ACCESS_COARSE_LOCATION
Tango_8.86.1738597780,android.permission.ACCESS_FINE_LOCATION
Tango_8.86.1738597780,android.permission.NFC
Tango_8.86.1738597780,android.permission.WRITE_SETTINGS
Tango_8.86.1738597780,android.permission.USE_FINGERPRINT
Tango_8.86.1738597780,com.google.android.finsky.permission.BIND_GET_INSTALL_REFERRER_SERVICE
Tango_8.86.1738597780,android.permission.USE_BIOMETRIC
Tango_8.86.1738597780,com.sgiggle.production.DYNAMIC_RECEIVER_NOT_EXPORTED_PERMISSION
Tango_8.86.1738597780,com.huawei.appmarket.service.commondata.permission.GET_COMMON_DATA
Telegram_11.7.4,com.google.android.c2dm.permission.RECEIVE
Telegram_11.7.4,org.telegram.messenger.permission.MAPS_RECEIVE
Telegram_11.7.4,com.google.android.providers.gsf.permission.READ_GSERVICES
Telegram_11.7.4,android.permission.ACCESS_COARSE_LOCATION
Telegram_11.7.4,android.permission.ACCESS_FINE_LOCATION
Telegram_11.7.4,android.permission.ACCESS_MEDIA_LOCATION
Telegram_11.7.4,android.permission.CALL_PHONE
Telegram_11.7.4,android.permission.FOREGROUND_SERVICE
Telegram_11.7.4,android.permission.FOREGROUND_SERVICE_DATA_SYNC
Telegram_11.7.4,android.permission.FOREGROUND_SERVICE_MEDIA_PLAYBACK
Telegram_11.7.4,android.permission.FOREGROUND_SERVICE_MEDIA_PROJECTION
Telegram_11.7.4,android.permission.FOREGROUND_SERVICE_CAMERA
Telegram_11.7.4,android.permission.FOREGROUND_SERVICE_LOCATION
Telegram_11.7.4,android.permission.FOREGROUND_SERVICE_MICROPHONE
Telegram_11.7.4,android.permission.READ_CALL_LOG
Telegram_11.7.4,android.permission.USE_FULL_SCREEN_INTENT
Telegram_11.7.4,android.permission.READ_CLIPBOARD
Telegram_11.7.4,android.permission.BLUETOOTH_CONNECT
Telegram_11.7.4,android.permission.INTERNET
Telegram_11.7.4,android.permission.RECORD_AUDIO
Telegram_11.7.4,android.permission.MODIFY_AUDIO_SETTINGS
Telegram_11.7.4,android.permission.ACCESS_NETWORK_STATE
Telegram_11.7.4,android.permission.ACCESS_WIFI_STATE
Telegram_11.7.4,android.permission.WAKE_LOCK
Telegram_11.7.4,android.permission.READ_EXTERNAL_STORAGE
Telegram_11.7.4,android.permission.READ_MEDIA_IMAGES
Telegram_11.7.4,android.permission.READ_MEDIA_VIDEO
Telegram_11.7.4,android.permission.READ_MEDIA_AUDIO
Telegram_11.7.4,android.permission.GET_ACCOUNTS
Telegram_11.7.4,android.permission.READ_CONTACTS
Telegram_11.7.4,android.permission.WRITE_CONTACTS
Telegram_11.7.4,android.permission.MANAGE_ACCOUNTS
Telegram_11.7.4,android.permission.READ_PROFILE
Telegram_11.7.4,android.permission.WRITE_SYNC_SETTINGS
Telegram_11.7.4,android.permission.READ_SYNC_SETTINGS
Telegram_11.7.4,android.permission.AUTHENTICATE_ACCOUNTS
Telegram_11.7.4,android.permission.VIBRATE
Telegram_11.7.4,android.permission.SYSTEM_ALERT_WINDOW
Telegram_11.7.4,android.permission.READ_PHONE_STATE
Telegram_11.7.4,android.permission.RECEIVE_BOOT_COMPLETED
Telegram_11.7.4,android.permission.USE_FINGERPRINT
Telegram_11.7.4,android.permission.USE_BIOMETRIC
Telegram_11.7.4,android.permission.INSTALL_SHORTCUT
Telegram_11.7.4,com.android.launcher.permission.INSTALL_SHORTCUT
Telegram_11.7.4,com.android.launcher.permission.UNINSTALL_SHORTCUT
Telegram_11.7.4,android.permission.CAMERA
Telegram_11.7.4,android.permission.BLUETOOTH
Telegram_11.7.4,android.permission.MANAGE_OWN_CALLS
Telegram_11.7.4,android.permission.REQUEST_INSTALL_PACKAGES
Telegram_11.7.4,android.permission.READ_PHONE_NUMBERS
Telegram_11.7.4,android.permission.POST_NOTIFICATIONS
Telegram_11.7.4,com.sec.android.provider.badge.permission.READ
Telegram_11.7.4,com.sec.android.provider.badge.permission.WRITE
Telegram_11.7.4,com.htc.launcher.permission.READ_SETTINGS
Telegram_11.7.4,com.htc.launcher.permission.UPDATE_SHORTCUT
Telegram_11.7.4,com.sonyericsson.home.permission.BROADCAST_BADGE
Telegram_11.7.4,com.sonymobile.home.permission.PROVIDER_INSERT_BADGE
Telegram_11.7.4,com.anddoes.launcher.permission.UPDATE_COUNT
Telegram_11.7.4,com.majeur.launcher.permission.UPDATE_BADGE
Telegram_11.7.4,com.huawei.android.launcher.permission.CHANGE_BADGE
Telegram_11.7.4,com.huawei.android.launcher.permission.READ_SETTINGS
Telegram_11.7.4,com.huawei.android.launcher.permission.WRITE_SETTINGS
Telegram_11.7.4,android.permission.READ_APP_BADGE
Telegram_11.7.4,com.oppo.launcher.permission.READ_SETTINGS
Telegram_11.7.4,com.oppo.launcher.permission.WRITE_SETTINGS
Telegram_11.7.4,me.everything.badger.permission.BADGE_COUNT_READ
Telegram_11.7.4,me.everything.badger.permission.BADGE_COUNT_WRITE
Telegram_11.7.4,com.android.vending.BILLING
Telegram_11.7.4,android.permission.WRITE_EXTERNAL_STORAGE
Telegram_11.7.4,android.permission.ACCESS_BACKGROUND_LOCATION
Telegram_11.7.4,org.telegram.messenger.DYNAMIC_RECEIVER_NOT_EXPORTED_PERMISSION
Text-Me_3.47.0,com.android.vending.BILLING
Text-Me_3.47.0,com.google.android.providers.gsf.permission.READ_GSERVICES
Text-Me_3.47.0,com.google.android.finsky.permission.BIND_GET_INSTALL_REFERRER_SERVICE
Text-Me_3.47.0,android.permission.FOREGROUND_SERVICE_PHONE_CALL
Text-Me_3.47.0,android.permission.FOREGROUND_SERVICE_LOCATION
Text-Me_3.47.0,android.permission.FOREGROUND_SERVICE_MICROPHONE
Text-Me_3.47.0,android.permission.MANAGE_OWN_CALLS
Text-Me_3.47.0,android.permission.POST_NOTIFICATIONS
Text-Me_3.47.0,com.google.android.gms.permission.AD_ID
Text-Me_3.47.0,android.permission.ACCESS_MEDIA_LOCATION
Text-Me_3.47.0,android.permission.USE_FULL_SCREEN_INTENT
Text-Me_3.47.0,android.permission.DISABLE_KEYGUARD
Text-Me_3.47.0,android.permission.WAKE_LOCK
Text-Me_3.47.0,android.permission.FOREGROUND_SERVICE
Text-Me_3.47.0,android.permission.RECORD_AUDIO
Text-Me_3.47.0,android.permission.ACCESS_COARSE_LOCATION
Text-Me_3.47.0,android.permission.ACCESS_FINE_LOCATION
Text-Me_3.47.0,android.permission.VIBRATE
Text-Me_3.47.0,android.permission.MODIFY_AUDIO_SETTINGS
Text-Me_3.47.0,android.permission.CAMERA
Text-Me_3.47.0,android.permission.RECEIVE_BOOT_COMPLETED
Text-Me_3.47.0,android.permission.BLUETOOTH
Text-Me_3.47.0,android.permission.BLUETOOTH_ADMIN
Text-Me_3.47.0,android.permission.BLUETOOTH_CONNECT
Text-Me_3.47.0,android.permission.BROADCAST_STICKY
Text-Me_3.47.0,android.permission.CALL_PHONE
Text-Me_3.47.0,android.permission.NEW_OUTGOING_CALL
Text-Me_3.47.0,android.permission.INTERNET
Text-Me_3.47.0,android.permission.ACCESS_WIFI_STATE
Text-Me_3.47.0,android.permission.ACCESS_NETWORK_STATE
Text-Me_3.47.0,android.permission.READ_PHONE_STATE
Text-Me_3.47.0,android.permission.READ_PHONE_NUMBERS
Text-Me_3.47.0,android.permission.READ_SYNC_STATS
Text-Me_3.47.0,android.permission.USE_CREDENTIALS
Text-Me_3.47.0,android.permission.MANAGE_ACCOUNTS
Text-Me_3.47.0,android.permission.AUTHENTICATE_ACCOUNTS
Text-Me_3.47.0,android.permission.GET_ACCOUNTS
Text-Me_3.47.0,android.permission.READ_CONTACTS
Text-Me_3.47.0,android.permission.READ_PROFILE
Text-Me_3.47.0,android.permission.WRITE_CONTACTS
Text-Me_3.47.0,android.permission.READ_SYNC_SETTINGS
Text-Me_3.47.0,android.permission.WRITE_SYNC_SETTINGS
Text-Me_3.47.0,android.permission.SYSTEM_ALERT_WINDOW
Text-Me_3.47.0,android.permission.WRITE_EXTERNAL_STORAGE
Text-Me_3.47.0,android.permission.READ_EXTERNAL_STORAGE
Text-Me_3.47.0,android.permission.READ_MEDIA_IMAGES
Text-Me_3.47.0,android.permission.READ_MEDIA_VIDEO
Text-Me_3.47.0,android.permission.READ_MEDIA_AUDIO
Text-Me_3.47.0,android.permission.CHANGE_WIFI_STATE
Text-Me_3.47.0,android.permission.USE_BIOMETRIC
Text-Me_3.47.0,android.permission.USE_FINGERPRINT
Text-Me_3.47.0,android.permission.ACCESS_ADSERVICES_TOPICS
Text-Me_3.47.0,android.permission.ACCESS_ADSERVICES_ATTRIBUTION
Text-Me_3.47.0,com.applovin.array.apphub.permission.BIND_APPHUB_SERVICE
Text-Me_3.47.0,com.textmeinc.textme.DYNAMIC_RECEIVER_NOT_EXPORTED_PERMISSION
Text-Me_3.47.0,com.google.android.c2dm.permission.RECEIVE
Text-Me_3.47.0,android.permission.ACCESS_ADSERVICES_AD_ID
Text-Me_3.47.0,com.textmeinc.textme.batch.permission.INTERNAL_BROADCAST
Text-Me_3.47.0,com.android.vending.CHECK_LICENSE
textfree_12.86,android.permission.WAKE_LOCK
textfree_12.86,android.permission.READ_SYNC_STATS
textfree_12.86,com.android.launcher.permission.INSTALL_SHORTCUT
textfree_12.86,android.permission.RECEIVE_BOOT_COMPLETED
textfree_12.86,android.permission.INSTALL_PACKAGES
textfree_12.86,android.permission.CHANGE_WIFI_MULTICAST_STATE
textfree_12.86,android.permission.ACCESS_WIFI_STATE
textfree_12.86,android.permission.READ_SYNC_SETTINGS
textfree_12.86,android.permission.WRITE_SYNC_SETTINGS
textfree_12.86,android.permission.AUTHENTICATE_ACCOUNTS
textfree_12.86,android.permission.GET_ACCOUNTS
textfree_12.86,android.permission.MANAGE_ACCOUNTS
textfree_12.86,android.permission.INTERNET
textfree_12.86,android.permission.USE_CREDENTIALS
textfree_12.86,android.permission.READ_EXTERNAL_STORAGE
textfree_12.86,android.permission.WRITE_EXTERNAL_STORAGE
textfree_12.86,android.permission.CAMERA
textfree_12.86,android.permission.QUERY_ALL_PACKAGES
textfree_12.86,android.permission.REQUEST_INSTALL_PACKAGES
textfree_12.86,android.permission.REQUEST_DELETE_PACKAGES
textfree_12.86,android.permission.FOREGROUND_SERVICE
textfree_12.86,android.permission.ACCESS_NETWORK_STATE
textfree_12.86,com.google.android.finsky.permission.BIND_GET_INSTALL_REFERRER_SERVICE
textPlus_8.1.3,android.permission.INTERNET
textPlus_8.1.3,android.permission.READ_CONTACTS
textPlus_8.1.3,android.permission.WAKE_LOCK
textPlus_8.1.3,android.permission.READ_PHONE_STATE
textPlus_8.1.3,android.permission.VIBRATE
textPlus_8.1.3,com.android.vending.BILLING
textPlus_8.1.3,android.permission.NFC
textPlus_8.1.3,android.permission.BLUETOOTH
textPlus_8.1.3,android.permission.BLUETOOTH_ADMIN
textPlus_8.1.3,android.permission.BLUETOOTH_SCAN
textPlus_8.1.3,android.permission.BLUETOOTH_CONNECT
textPlus_8.1.3,android.permission.RECEIVE_BOOT_COMPLETED
textPlus_8.1.3,android.permission.ACCESS_NETWORK_STATE
textPlus_8.1.3,android.permission.ACCESS_WIFI_STATE
textPlus_8.1.3,android.permission.WRITE_CONTACTS
textPlus_8.1.3,android.permission.CALL_PHONE
textPlus_8.1.3,android.permission.BROADCAST_STICKY
textPlus_8.1.3,android.permission.RECORD_AUDIO
textPlus_8.1.3,android.permission.MODIFY_AUDIO_SETTINGS
textPlus_8.1.3,android.permission.DISABLE_KEYGUARD
textPlus_8.1.3,android.permission.ACCESS_COARSE_LOCATION
textPlus_8.1.3,android.permission.ACCESS_FINE_LOCATION
textPlus_8.1.3,android.permission.SYSTEM_ALERT_WINDOW
textPlus_8.1.3,android.permission.CAMERA
textPlus_8.1.3,android.permission.USE_FULL_SCREEN_INTENT
textPlus_8.1.3,android.permission.POST_NOTIFICATIONS
textPlus_8.1.3,BIND_GET_INSTALL_REFERRER_SERVICE
textPlus_8.1.3,com.android.vending.CHECK_LICENSE
textPlus_8.1.3,com.google.android.gms.permission.AD_ID
textPlus_8.1.3,android.permission.ACCESS_ADSERVICES_TOPICS
textPlus_8.1.3,android.permission.ACCESS_ADSERVICES_ATTRIBUTION
textPlus_8.1.3,android.permission.READ_EXTERNAL_STORAGE
textPlus_8.1.3,android.permission.WRITE_EXTERNAL_STORAGE
textPlus_8.1.3,com.google.android.c2dm.permission.RECEIVE
textPlus_8.1.3,com.google.android.finsky.permission.BIND_GET_INSTALL_REFERRER_SERVICE
textPlus_8.1.3,com.applovin.array.apphub.permission.BIND_APPHUB_SERVICE
textPlus_8.1.3,android.permission.ACCESS_ADSERVICES_AD_ID
textPlus_8.1.3,com.google.android.providers.gsf.permission.READ_GSERVICES
textPlus_8.1.3,android.permission.FOREGROUND_SERVICE
textPlus_8.1.3,com.gogii.textplus.DYNAMIC_RECEIVER_NOT_EXPORTED_PERMISSION
Threads_369.0.0.43.109,android.permission.INTERNET
Threads_369.0.0.43.109,android.permission.ACCESS_NETWORK_STATE
Threads_369.0.0.43.109,android.permission.WAKE_LOCK
Threads_369.0.0.43.109,android.permission.GET_ACCOUNTS
Threads_369.0.0.43.109,android.permission.USE_CREDENTIALS
Threads_369.0.0.43.109,android.permission.RECEIVE_BOOT_COMPLETED
Threads_369.0.0.43.109,android.permission.VIBRATE
Threads_369.0.0.43.109,android.permission.FOREGROUND_SERVICE
Threads_369.0.0.43.109,com.google.android.c2dm.permission.RECEIVE
Threads_369.0.0.43.109,android.permission.BLUETOOTH
Threads_369.0.0.43.109,android.permission.CAMERA
Threads_369.0.0.43.109,android.permission.READ_CONTACTS
Threads_369.0.0.43.109,android.permission.READ_PROFILE
Threads_369.0.0.43.109,android.permission.ACCESS_FINE_LOCATION
Threads_369.0.0.43.109,android.permission.RECORD_AUDIO
Threads_369.0.0.43.109,android.permission.MODIFY_AUDIO_SETTINGS
Threads_369.0.0.43.109,android.permission.READ_EXTERNAL_STORAGE
Threads_369.0.0.43.109,android.permission.READ_MEDIA_IMAGES
Threads_369.0.0.43.109,android.permission.READ_MEDIA_VIDEO
Threads_369.0.0.43.109,android.permission.READ_MEDIA_VISUAL_USER_SELECTED
Threads_369.0.0.43.109,android.permission.WRITE_EXTERNAL_STORAGE
Threads_369.0.0.43.109,android.permission.ACCESS_MEDIA_LOCATION
Threads_369.0.0.43.109,android.permission.POST_NOTIFICATIONS
Threads_369.0.0.43.109,com.google.android.gms.permission.AD_ID
Threads_369.0.0.43.109,com.facebook.katana.provider.ACCESS
Threads_369.0.0.43.109,com.facebook.katana.provider.ACCESS
Threads_369.0.0.43.109,android.permission.SYSTEM_ALERT_WINDOW
Threads_369.0.0.43.109,android.permission.ACCESS_WIFI_STATE
Threads_369.0.0.43.109,android.permission.CREDENTIAL_MANAGER_SET_ALLOWED_PROVIDERS
Threads_369.0.0.43.109,.permission.RECEIVE_ADM_MESSAGE
Threads_369.0.0.43.109,com.amazon.device.messaging.permission.RECEIVE
Threads_369.0.0.43.109,android.permission.MEDIA_PROJECTION
Threads_369.0.0.43.109,android.permission.FOREGROUND_SERVICE_MEDIA_PROJECTION
Threads_369.0.0.43.109,android.permission.CAPTURE_VIDEO_OUTPUT
Threads_369.0.0.43.109,android.permission.FOREGROUND_SERVICE_DATA_SYNC
Threads_369.0.0.43.109,com.instagram.barcelona.DYNAMIC_RECEIVER_NOT_EXPORTED_PERMISSION
Threads_369.0.0.43.109,com.google.android.finsky.permission.BIND_GET_INSTALL_REFERRER_SERVICE
Threads_369.0.0.43.109,com.instagram.barcelona.permission.CROSS_PROCESS_BROADCAST_MANAGER
Threads_369.0.0.43.109,android.permission.USE_BIOMETRIC
Threads_369.0.0.43.109,android.permission.USE_FINGERPRINT
Threads_369.0.0.43.109,android.permission.REORDER_TASKS
TikTok_38.8.3,android.permission.ACCESS_COARSE_LOCATION
TikTok_38.8.3,com.google.android.gms.permission.AD_ID
TikTok_38.8.3,android.permission.FOREGROUND_SERVICE_MICROPHONE
TikTok_38.8.3,android.permission.SYSTEM_ALERT_WINDOW
TikTok_38.8.3,android.permission.DETECT_SCREEN_CAPTURE
TikTok_38.8.3,android.permission.REORDER_TASKS
TikTok_38.8.3,android.permission.INTERNET
TikTok_38.8.3,android.permission.READ_MEDIA_VISUAL_USER_SELECTED
TikTok_38.8.3,android.permission.ACCESS_NETWORK_STATE
TikTok_38.8.3,android.permission.READ_EXTERNAL_STORAGE
TikTok_38.8.3,android.permission.WRITE_EXTERNAL_STORAGE
TikTok_38.8.3,android.permission.ACCESS_WIFI_STATE
TikTok_38.8.3,android.permission.CAMERA
TikTok_38.8.3,android.permission.RECORD_AUDIO
TikTok_38.8.3,android.permission.WAKE_LOCK
TikTok_38.8.3,android.permission.READ_CONTACTS
TikTok_38.8.3,android.permission.VIBRATE
TikTok_38.8.3,android.permission.BLUETOOTH
TikTok_38.8.3,com.android.launcher.permission.READ_SETTINGS
TikTok_38.8.3,android.permission.FOREGROUND_SERVICE
TikTok_38.8.3,android.permission.FOREGROUND_SERVICE_MEDIA_PROJECTION
TikTok_38.8.3,com.sec.android.provider.badge.permission.READ
TikTok_38.8.3,com.sec.android.provider.badge.permission.WRITE
TikTok_38.8.3,android.permission.POST_NOTIFICATIONS
TikTok_38.8.3,com.orange.update.permission.READ_ATTRIBUTION
TikTok_38.8.3,com.samsung.android.mapsagent.permission.READ_APP_INFO
TikTok_38.8.3,com.tiktok.preload.permission.IDENTIFY
TikTok_38.8.3,android.permission.FOREGROUND_SERVICE_MEDIA_PLAYBACK
TikTok_38.8.3,android.permission.READ_MEDIA_IMAGES
TikTok_38.8.3,android.permission.READ_MEDIA_VIDEO
TikTok_38.8.3,android.permission.FOREGROUND_SERVICE_DATA_SYNC
TikTok_38.8.3,android.permission.ACCESS_MEDIA_LOCATION
TikTok_38.8.3,android.permission.READ_MEDIA_AUDIO
TikTok_38.8.3,android.permission.SET_WALLPAPER
TikTok_38.8.3,android.permission.BLUETOOTH_CONNECT
TikTok_38.8.3,android.permission.MODIFY_AUDIO_SETTINGS
TikTok_38.8.3,com.oplus.ocs.permission.third
TikTok_38.8.3,com.zhiliao.musically.livewallpaper.permission.wallpaperplugin
TikTok_38.8.3,android.permission.CHANGE_NETWORK_STATE
TikTok_38.8.3,com.google.android.c2dm.permission.RECEIVE
TikTok_38.8.3,com.android.vending.BILLING
TikTok_38.8.3,android.permission.USE_BIOMETRIC
TikTok_38.8.3,android.permission.USE_FINGERPRINT
TikTok_38.8.3,android.permission.ACCESS_ADSERVICES_ATTRIBUTION
TikTok_38.8.3,android.permission.ACCESS_ADSERVICES_AD_ID
TikTok_38.8.3,com.google.android.finsky.permission.BIND_GET_INSTALL_REFERRER_SERVICE
TikTok_38.8.3,com.zhiliaoapp.musically.DYNAMIC_RECEIVER_NOT_EXPORTED_PERMISSION
TikTok_38.8.3,com.huawei.appmarket.service.commondata.permission.GET_COMMON_DATA
TikTok_38.8.3,com.zhiliaoapp.musically.permission.RECEIVE_ADM_MESSAGE
TikTok_38.8.3,com.amazon.device.messaging.permission.RECEIVE
TikTok_38.8.3,android.permission.CHANGE_WIFI_MULTICAST_STATE
Truth-Social_1.14.5,android.permission.INTERNET
Truth-Social_1.14.5,android.permission.ACCESS_NETWORK_STATE
Truth-Social_1.14.5,android.permission.READ_EXTERNAL_STORAGE
Truth-Social_1.14.5,android.permission.WRITE_EXTERNAL_STORAGE
Truth-Social_1.14.5,android.permission.AUTHENTICATE_ACCOUNTS
Truth-Social_1.14.5,android.permission.POST_NOTIFICATIONS
Truth-Social_1.14.5,android.permission.WAKE_LOCK
Truth-Social_1.14.5,com.google.android.c2dm.permission.RECEIVE
Truth-Social_1.14.5,com.google.android.gms.permission.AD_ID
Truth-Social_1.14.5,android.permission.ACCESS_ADSERVICES_ATTRIBUTION
Truth-Social_1.14.5,android.permission.ACCESS_ADSERVICES_AD_ID
Truth-Social_1.14.5,android.permission.RECEIVE_BOOT_COMPLETED
Truth-Social_1.14.5,android.permission.FOREGROUND_SERVICE
Truth-Social_1.14.5,com.google.android.finsky.permission.BIND_GET_INSTALL_REFERRER_SERVICE
Truth-Social_1.14.5,com.truthsocial.android.app.DYNAMIC_RECEIVER_NOT_EXPORTED_PERMISSION
Tumblr_38.3.0.110,android.permission.INTERNET
Tumblr_38.3.0.110,android.permission.WRITE_EXTERNAL_STORAGE
Tumblr_38.3.0.110,android.permission.ACCESS_NETWORK_STATE
Tumblr_38.3.0.110,android.permission.READ_SYNC_SETTINGS
Tumblr_38.3.0.110,android.permission.WRITE_SYNC_SETTINGS
Tumblr_38.3.0.110,android.permission.CAMERA
Tumblr_38.3.0.110,android.permission.RECORD_AUDIO
Tumblr_38.3.0.110,com.android.launcher.permission.INSTALL_SHORTCUT
Tumblr_38.3.0.110,android.permission.ACCESS_WIFI_STATE
Tumblr_38.3.0.110,android.permission.RECEIVE_BOOT_COMPLETED
Tumblr_38.3.0.110,android.permission.FOREGROUND_SERVICE
Tumblr_38.3.0.110,com.google.android.gms.permission.AD_ID
Tumblr_38.3.0.110,android.permission.READ_MEDIA_IMAGES
Tumblr_38.3.0.110,android.permission.READ_MEDIA_VIDEO
Tumblr_38.3.0.110,android.permission.READ_EXTERNAL_STORAGE
Tumblr_38.3.0.110,android.permission.POST_NOTIFICATIONS
Tumblr_38.3.0.110,com.tumblr.permissions.RECEIVER
Tumblr_38.3.0.110,android.permission.FOREGROUND_SERVICE_MEDIA_PLAYBACK
Tumblr_38.3.0.110,android.permission.READ_PHONE_STATE
Tumblr_38.3.0.110,android.permission.DOWNLOAD_WITHOUT_NOTIFICATION
Tumblr_38.3.0.110,android.permission.ACCESS_ADSERVICES_ATTRIBUTION
Tumblr_38.3.0.110,android.permission.ACCESS_ADSERVICES_AD_ID
Tumblr_38.3.0.110,android.permission.AD_SERVICES_CONFIG
Tumblr_38.3.0.110,android.permission.ACCESS_ADSERVICES_TOPICS
Tumblr_38.3.0.110,android.permission.WAKE_LOCK
Tumblr_38.3.0.110,com.android.vending.BILLING
Tumblr_38.3.0.110,com.google.android.c2dm.permission.RECEIVE
Tumblr_38.3.0.110,com.tumblr.DYNAMIC_RECEIVER_NOT_EXPORTED_PERMISSION
Tumblr_38.3.0.110,com.google.android.finsky.permission.BIND_GET_INSTALL_REFERRER_SERVICE
Tumblr_38.3.0.110,com.sec.android.provider.badge.permission.READ
Tumblr_38.3.0.110,com.sec.android.provider.badge.permission.WRITE
Tumblr_38.3.0.110,com.htc.launcher.permission.READ_SETTINGS
Tumblr_38.3.0.110,com.htc.launcher.permission.UPDATE_SHORTCUT
Tumblr_38.3.0.110,com.sonyericsson.home.permission.BROADCAST_BADGE
Tumblr_38.3.0.110,com.sonymobile.home.permission.PROVIDER_INSERT_BADGE
Tumblr_38.3.0.110,com.anddoes.launcher.permission.UPDATE_COUNT
Tumblr_38.3.0.110,com.majeur.launcher.permission.UPDATE_BADGE
Tumblr_38.3.0.110,com.huawei.android.launcher.permission.CHANGE_BADGE
Tumblr_38.3.0.110,com.huawei.android.launcher.permission.READ_SETTINGS
Tumblr_38.3.0.110,com.huawei.android.launcher.permission.WRITE_SETTINGS
Tumblr_38.3.0.110,android.permission.READ_APP_BADGE
Tumblr_38.3.0.110,com.oppo.launcher.permission.READ_SETTINGS
Tumblr_38.3.0.110,com.oppo.launcher.permission.WRITE_SETTINGS
Tumblr_38.3.0.110,me.everything.badger.permission.BADGE_COUNT_READ
Tumblr_38.3.0.110,me.everything.badger.permission.BADGE_COUNT_WRITE
Wizz_6.0.2,android.permission.INTERNET
Wizz_6.0.2,android.permission.ACCESS_NETWORK_STATE
Wizz_6.0.2,android.permission.CAMERA
Wizz_6.0.2,android.permission.RECORD_AUDIO
Wizz_6.0.2,android.permission.READ_EXTERNAL_STORAGE
Wizz_6.0.2,com.google.android.gms.permission.AD_ID
Wizz_6.0.2,android.permission.READ_MEDIA_IMAGES
Wizz_6.0.2,android.permission.READ_MEDIA_VIDEO
Wizz_6.0.2,android.permission.POST_NOTIFICATIONS
Wizz_6.0.2,android.permission.VIBRATE
Wizz_6.0.2,android.permission.ACCESS_ADSERVICES_ATTRIBUTION
Wizz_6.0.2,android.permission.ACCESS_ADSERVICES_AD_ID
Wizz_6.0.2,android.permission.WAKE_LOCK
Wizz_6.0.2,com.google.android.c2dm.permission.RECEIVE
Wizz_6.0.2,android.permission.WRITE_EXTERNAL_STORAGE
Wizz_6.0.2,com.google.android.providers.gsf.permission.READ_GSERVICES
Wizz_6.0.2,android.permission.ACCESS_WIFI_STATE
Wizz_6.0.2,com.applovin.array.apphub.permission.BIND_APPHUB_SERVICE
Wizz_6.0.2,com.google.android.finsky.permission.BIND_GET_INSTALL_REFERRER_SERVICE
Wizz_6.0.2,com.android.vending.BILLING
Wizz_6.0.2,android.permission.ACCESS_ADSERVICES_TOPICS
Wizz_6.0.2,android.permission.FOREGROUND_SERVICE
Wizz_6.0.2,info.wizzapp.DYNAMIC_RECEIVER_NOT_EXPORTED_PERMISSION
X_10.82.0-release.0,com.twitter.android.permission.RESTRICTED
X_10.82.0-release.0,android.permission.MODIFY_AUDIO_SETTINGS
X_10.82.0-release.0,android.permission.INTERNET
X_10.82.0-release.0,android.permission.VIBRATE
X_10.82.0-release.0,android.permission.READ_PROFILE
X_10.82.0-release.0,android.permission.READ_CONTACTS
X_10.82.0-release.0,android.permission.WAKE_LOCK
X_10.82.0-release.0,android.permission.WRITE_EXTERNAL_STORAGE
X_10.82.0-release.0,com.google.android.providers.gsf.permission.READ_GSERVICES
X_10.82.0-release.0,com.android.launcher.permission.INSTALL_SHORTCUT
X_10.82.0-release.0,android.permission.READ_PHONE_STATE
X_10.82.0-release.0,android.permission.CAMERA
X_10.82.0-release.0,android.permission.RECORD_AUDIO
X_10.82.0-release.0,com.google.android.gms.permission.AD_ID
X_10.82.0-release.0,android.permission.ACCESS_NETWORK_STATE
X_10.82.0-release.0,android.permission.GET_ACCOUNTS
X_10.82.0-release.0,android.permission.BLUETOOTH_CONNECT
X_10.82.0-release.0,android.permission.MANAGE_OWN_CALLS
X_10.82.0-release.0,android.permission.SHOW_ON_LOCK_SCREEN
X_10.82.0-release.0,android.permission.USE_FULL_SCREEN_INTENT
X_10.82.0-release.0,android.permission.FOREGROUND_SERVICE
X_10.82.0-release.0,android.permission.FOREGROUND_SERVICE_CAMERA
X_10.82.0-release.0,android.permission.FOREGROUND_SERVICE_MEDIA_PLAYBACK
X_10.82.0-release.0,android.permission.FOREGROUND_SERVICE_MICROPHONE
X_10.82.0-release.0,android.permission.BLUETOOTH
X_10.82.0-release.0,android.permission.SYSTEM_ALERT_WINDOW
X_10.82.0-release.0,android.permission.ACCESS_FINE_LOCATION
X_10.82.0-release.0,android.permission.ACCESS_COARSE_LOCATION
X_10.82.0-release.0,android.permission.READ_EXTERNAL_STORAGE
X_10.82.0-release.0,com.huawei.android.launcher.permission.READ_SETTINGS
X_10.82.0-release.0,com.huawei.android.launcher.permission.WRITE_SETTINGS
X_10.82.0-release.0,com.huawei.android.launcher.permission.CHANGE_BADGE
X_10.82.0-release.0,com.sonyericsson.home.permission.BROADCAST_BADGE
X_10.82.0-release.0,com.sonymobile.home.permission.PROVIDER_INSERT_BADGE
X_10.82.0-release.0,com.oppo.launcher.permission.READ_SETTINGS
X_10.82.0-release.0,com.oppo.launcher.permission.WRITE_SETTINGS
X_10.82.0-release.0,com.htc.launcher.permission.READ_SETTINGS
X_10.82.0-release.0,com.htc.launcher.permission.UPDATE_SHORTCUT
X_10.82.0-release.0,com.anddoes.launcher.permission.UPDATE_COUNT
X_10.82.0-release.0,android.permission.POST_NOTIFICATIONS
X_10.82.0-release.0,android.permission.FOREGROUND_SERVICE_DATA_SYNC
X_10.82.0-release.0,android.permission.READ_MEDIA_IMAGES
X_10.82.0-release.0,android.permission.READ_MEDIA_VIDEO
X_10.82.0-release.0,com.android.vending.CHECK_LICENSE
X_10.82.0-release.0,com.sec.android.provider.badge.permission.WRITE
X_10.82.0-release.0,com.sec.android.provider.badge.permission.READ
X_10.82.0-release.0,android.permission.AUTHENTICATE_ACCOUNTS
X_10.82.0-release.0,android.permission.MANAGE_ACCOUNTS
X_10.82.0-release.0,android.permission.USE_CREDENTIALS
X_10.82.0-release.0,android.permission.READ_SYNC_SETTINGS
X_10.82.0-release.0,android.permission.WRITE_SYNC_SETTINGS
X_10.82.0-release.0,android.permission.ACCESS_WIFI_STATE
X_10.82.0-release.0,android.permission.USE_BIOMETRIC
X_10.82.0-release.0,android.permission.USE_FINGERPRINT
X_10.82.0-release.0,android.permission.CHANGE_NETWORK_STATE
X_10.82.0-release.0,android.permission.ACCESS_ADSERVICES_ATTRIBUTION
X_10.82.0-release.0,android.permission.ACCESS_ADSERVICES_AD_ID
X_10.82.0-release.0,android.permission.AD_SERVICES_CONFIG
X_10.82.0-release.0,com.android.vending.BILLING
X_10.82.0-release.0,com.google.android.c2dm.permission.RECEIVE
X_10.82.0-release.0,com.google.android.finsky.permission.BIND_GET_INSTALL_REFERRER_SERVICE
X_10.82.0-release.0,android.permission.ACCESS_ADSERVICES_TOPICS
X_10.82.0-release.0,com.twitter.android.DYNAMIC_RECEIVER_NOT_EXPORTED_PERMISSION
Yubo_4.176.0,android.permission.INTERNET
Yubo_4.176.0,android.permission.CAMERA
Yubo_4.176.0,android.permission.RECORD_AUDIO
Yubo_4.176.0,android.permission.READ_EXTERNAL_STORAGE
Yubo_4.176.0,android.permission.READ_MEDIA_IMAGES
Yubo_4.176.0,android.permission.ACCESS_COARSE_LOCATION
Yubo_4.176.0,android.permission.ACCESS_FINE_LOCATION
Yubo_4.176.0,android.permission.ACCESS_NETWORK_STATE
Yubo_4.176.0,android.permission.ACCESS_WIFI_STATE
Yubo_4.176.0,android.permission.WAKE_LOCK
Yubo_4.176.0,com.google.android.c2dm.permission.RECEIVE
Yubo_4.176.0,com.google.android.gms.permission.AD_ID
Yubo_4.176.0,android.permission.HIGH_SAMPLING_RATE_SENSORS
Yubo_4.176.0,android.permission.POST_NOTIFICATIONS
Yubo_4.176.0,android.permission.FOREGROUND_SERVICE
Yubo_4.176.0,android.permission.FOREGROUND_SERVICE_MICROPHONE
Yubo_4.176.0,android.permission.FOREGROUND_SERVICE_CAMERA
Yubo_4.176.0,android.permission.FOREGROUND_SERVICE_MEDIA_PLAYBACK
Yubo_4.176.0,android.permission.FOREGROUND_SERVICE_DATA_SYNC
Yubo_4.176.0,android.permission.BLUETOOTH
Yubo_4.176.0,android.permission.BLUETOOTH_CONNECT
Yubo_4.176.0,android.permission.FOREGROUND_SERVICE_MEDIA_PROJECTION
Yubo_4.176.0,android.permission.MODIFY_AUDIO_SETTINGS
Yubo_4.176.0,android.permission.READ_PHONE_STATE
Yubo_4.176.0,android.permission.ACCESS_ADSERVICES_AD_ID
Yubo_4.176.0,android.permission.ACCESS_ADSERVICES_ATTRIBUTION
Yubo_4.176.0,android.permission.ACCESS_ADSERVICES_TOPICS
Yubo_4.176.0,com.android.vending.BILLING
Yubo_4.176.0,com.applovin.array.apphub.permission.BIND_APPHUB_SERVICE
Yubo_4.176.0,com.google.android.finsky.permission.BIND_GET_INSTALL_REFERRER_SERVICE
Yubo_4.176.0,co.yellw.yellowapp.DYNAMIC_RECEIVER_NOT_EXPORTED_PERMISSION
